ApplicationID,OrganisationID,ProjectTypeID,SubmissionDate,ReviewStartDate,CompletionDate,StatusID,ProjectValue,ResubmissionCount,ClarificationRequired,Priority,RiskRating
APP-2025-0001,ORG-004,PT-02,2025-08-13,2025-08-13,2025-08-25,ST-01,"104,710,000",1,FALSE,Medium,Low
APP-2025-0002,ORG-023,PT-01,2025-06-15,2025-06-16,2025-07-03,ST-01,"21,780,000",1,FALSE,Low,Low
APP-2025-0003,ORG-036,PT-01,2025-09-04,2025-09-04,2025-09-25,ST-01,"101,250,000",2,FALSE,High,Low
APP-2025-0004,ORG-027,PT-03,2025-03-15,2025-03-16,2025-04-10,ST-01,"92,670,000",0,TRUE,Low,Low
APP-2025-0005,ORG-028,PT-01,2025-12-19,2025-12-21,2026-01-02,ST-01,"21,320,000",0,FALSE,Medium,Low
APP-2025-0006,ORG-031,PT-03,2025-11-26,2025-11-29,,ST-03,"555,450,000",0,FALSE,High,Medium
APP-2025-0007,ORG-005,PT-04,2025-10-10,2025-10-11,2025-10-28,ST-01,"189,530,000",0,FALSE,High,Medium
APP-2025-0008,ORG-002,PT-01,2025-11-03,2025-11-05,2025-11-28,ST-01,"131,520,000",0,FALSE,Medium,Low
APP-2025-0009,ORG-001,PT-04,2025-04-27,2025-04-28,,ST-05,"60,540,000",1,FALSE,Low,Medium
APP-2025-0010,ORG-017,PT-02,2025-07-05,2025-07-11,,ST-03,"75,070,000",0,FALSE,Medium,Low
APP-2025-0011,ORG-007,PT-07,2025-08-28,2025-08-28,2025-09-18,ST-01,"24,150,000",0,FALSE,Medium,Medium
APP-2025-0012,ORG-020,PT-02,2025-08-16,2025-08-16,,ST-03,"30,090,000",0,FALSE,Medium,Low
APP-2025-0013,ORG-017,PT-02,2025-08-28,2025-08-29,2025-10-02,ST-01,"44,180,000",0,FALSE,Medium,Low
APP-2025-0014,ORG-004,PT-02,2025-07-04,2025-07-04,2025-07-19,ST-01,"13,080,000",0,FALSE,Medium,Low
APP-2025-0015,ORG-005,PT-01,2025-06-25,2025-06-26,2025-07-07,ST-01,"576,480,000",0,FALSE,Medium,Medium
APP-2025-0016,ORG-016,PT-04,2025-04-30,2025-05-01,2025-05-26,ST-01,"75,450,000",0,FALSE,Medium,Medium
APP-2025-0017,ORG-018,PT-07,2025-08-30,2025-08-31,2025-09-16,ST-01,"52,620,000",0,TRUE,Medium,Medium
APP-2025-0018,ORG-023,PT-01,2025-12-14,2025-12-15,2026-01-05,ST-01,"12,560,000",0,FALSE,Low,Low
APP-2025-0019,ORG-038,PT-04,2025-09-11,2025-09-13,2025-10-30,ST-01,"77,200,000",0,FALSE,Low,Medium
APP-2025-0020,ORG-036,PT-05,2025-01-09,2025-01-10,2025-01-27,ST-01,"36,100,000",0,FALSE,Medium,Medium
APP-2025-0021,ORG-004,PT-05,2025-06-09,2025-06-10,2025-06-25,ST-01,"8,980,000",0,FALSE,Medium,Low
APP-2025-0022,ORG-031,PT-02,2025-01-02,2025-01-04,2025-01-30,ST-02,"59,750,000",0,FALSE,Medium,Medium
APP-2025-0023,ORG-008,PT-03,2025-09-20,2025-09-20,,ST-03,"35,450,000",0,FALSE,Medium,Low
APP-2025-0024,ORG-034,PT-06,2025-08-22,2025-08-25,2025-09-23,ST-01,"77,190,000",0,FALSE,Medium,Medium
APP-2025-0025,ORG-035,PT-05,2025-04-23,2025-04-24,2025-05-17,ST-01,"223,390,000",1,TRUE,Medium,Low
APP-2025-0026,ORG-019,PT-06,2025-05-04,2025-05-05,,ST-05,"264,880,000",1,FALSE,Medium,Medium
APP-2025-0027,ORG-016,PT-01,2025-10-08,2025-10-11,2025-11-03,ST-01,"231,490,000",0,FALSE,Medium,Low
APP-2025-0028,ORG-014,PT-07,2025-08-23,2025-08-23,2025-09-10,ST-01,"58,350,000",0,FALSE,Medium,Medium
APP-2025-0029,ORG-025,PT-01,2025-04-29,2025-04-30,2025-05-23,ST-01,"27,870,000",0,FALSE,Low,Low
APP-2025-0030,ORG-030,PT-02,2025-05-26,2025-05-30,2025-06-23,ST-01,"75,270,000",0,TRUE,Low,Low
APP-2025-0031,ORG-038,PT-02,2025-11-14,2025-11-17,2025-12-12,ST-01,"48,160,000",0,FALSE,Low,Low
APP-2025-0032,ORG-033,PT-06,2025-07-31,2025-08-01,,ST-03,"21,780,000",0,FALSE,Medium,Low
APP-2025-0033,ORG-032,PT-02,2025-07-26,2025-07-27,2025-08-20,ST-01,"63,480,000",0,FALSE,Medium,Low
APP-2025-0034,ORG-018,PT-07,2025-05-31,2025-06-01,2025-06-26,ST-01,"44,300,000",0,FALSE,High,Medium
APP-2025-0035,ORG-011,PT-01,2025-06-08,2025-06-09,2025-06-30,ST-01,"111,920,000",0,FALSE,Medium,Low
APP-2025-0036,ORG-032,PT-02,2025-03-13,2025-03-15,2025-04-07,ST-01,"103,980,000",0,FALSE,Medium,Low
APP-2025-0037,ORG-027,PT-05,2025-11-18,2025-11-18,2025-12-12,ST-01,"196,670,000",1,FALSE,Low,Low
APP-2025-0038,ORG-031,PT-06,2025-07-06,2025-07-06,2025-07-19,ST-01,"64,880,000",0,FALSE,Low,Low
APP-2025-0039,ORG-022,PT-02,2025-06-15,2025-06-15,,ST-04,"161,080,000",0,TRUE,Low,Low
APP-2025-0040,ORG-040,PT-06,2025-12-21,2025-12-23,2026-01-14,ST-02,"19,630,000",2,FALSE,Medium,Low
APP-2025-0041,ORG-036,PT-04,2025-06-07,2025-06-08,2025-07-27,ST-01,"86,310,000",1,TRUE,Medium,Medium
APP-2025-0042,ORG-007,PT-03,2025-09-06,2025-09-08,2025-10-01,ST-01,"314,770,000",1,TRUE,Medium,Medium
APP-2025-0043,ORG-027,PT-07,2025-10-13,2025-10-14,2025-11-02,ST-01,"24,800,000",0,TRUE,Low,Medium
APP-2025-0044,ORG-021,PT-05,2025-02-17,2025-02-19,2025-03-07,ST-01,"119,350,000",0,FALSE,High,Medium
APP-2025-0045,ORG-014,PT-02,2025-06-03,2025-06-03,2025-07-03,ST-01,"57,230,000",1,FALSE,Low,Low
APP-2025-0046,ORG-017,PT-07,2025-06-02,2025-06-04,2025-06-18,ST-01,"110,020,000",0,FALSE,Medium,Medium
APP-2025-0047,ORG-006,PT-01,2025-01-17,2025-01-17,2025-02-04,ST-01,"51,160,000",0,FALSE,High,Low
APP-2025-0048,ORG-010,PT-07,2025-02-15,2025-02-16,2025-03-13,ST-01,"56,710,000",0,FALSE,Medium,Medium
APP-2025-0049,ORG-034,PT-07,2025-09-30,2025-10-01,2025-11-04,ST-02,"224,970,000",0,FALSE,High,Medium
APP-2025-0050,ORG-005,PT-02,2025-10-14,2025-10-14,2025-10-25,ST-01,"17,880,000",0,FALSE,Medium,Low
APP-2025-0051,ORG-012,PT-01,2025-01-14,2025-01-15,,ST-03,"33,300,000",0,FALSE,Medium,Low
APP-2025-0052,ORG-028,PT-02,2025-11-28,2025-11-29,2025-12-21,ST-01,"28,400,000",2,FALSE,Low,Low
APP-2025-0053,ORG-017,PT-07,2025-10-22,2025-10-23,2025-11-15,ST-01,"44,710,000",0,FALSE,Low,Medium
APP-2025-0054,ORG-013,PT-02,2025-04-09,2025-04-09,2025-04-26,ST-01,"82,810,000",0,FALSE,Medium,Medium
APP-2025-0055,ORG-016,PT-05,2025-07-01,2025-07-02,2025-08-26,ST-01,"59,400,000",2,FALSE,Medium,Low
APP-2025-0056,ORG-021,PT-04,2025-03-14,2025-03-14,2025-04-05,ST-01,"16,830,000",0,FALSE,Low,Medium
APP-2025-0057,ORG-036,PT-04,2025-12-08,2025-12-11,2026-01-03,ST-02,"67,850,000",2,FALSE,Medium,Medium
APP-2025-0058,ORG-017,PT-02,2025-12-18,2025-12-21,2026-01-07,ST-01,"198,670,000",0,FALSE,High,Low
APP-2025-0059,ORG-002,PT-03,2025-04-05,2025-04-06,2025-04-19,ST-01,"44,680,000",0,FALSE,Medium,Low
APP-2025-0060,ORG-021,PT-01,2025-03-13,2025-03-14,2025-03-30,ST-02,"160,160,000",0,TRUE,Medium,Low
APP-2025-0061,ORG-009,PT-04,2025-06-08,2025-06-09,2025-06-25,ST-01,"27,050,000",0,FALSE,Medium,Medium
APP-2025-0062,ORG-005,PT-01,2025-03-21,2025-03-21,2025-04-05,ST-01,"36,310,000",1,FALSE,Medium,Low
APP-2025-0063,ORG-017,PT-02,2025-09-25,2025-09-26,2025-10-25,ST-01,"66,060,000",0,FALSE,Low,Low
APP-2025-0064,ORG-006,PT-03,2025-04-14,2025-04-15,2025-05-14,ST-01,"103,710,000",0,FALSE,Low,Low
APP-2025-0065,ORG-025,PT-01,2025-07-15,2025-07-15,2025-08-02,ST-01,"109,810,000",0,FALSE,Low,Medium
APP-2025-0066,ORG-011,PT-02,2025-03-07,2025-03-08,2025-03-26,ST-01,"139,400,000",0,FALSE,Medium,Low
APP-2025-0067,ORG-030,PT-01,2025-05-25,2025-05-26,2025-06-20,ST-01,"27,360,000",0,TRUE,Medium,Low
APP-2025-0068,ORG-014,PT-05,2025-04-14,2025-04-15,2025-05-04,ST-01,"78,120,000",0,TRUE,Medium,Low
APP-2025-0069,ORG-025,PT-01,2025-07-07,2025-07-09,2025-07-23,ST-01,"33,880,000",0,FALSE,Medium,Medium
APP-2025-0070,ORG-026,PT-07,2025-09-11,2025-09-12,2025-11-06,ST-01,"115,130,000",0,TRUE,Medium,Medium
APP-2025-0071,ORG-023,PT-06,2025-01-13,2025-01-14,,ST-03,"114,560,000",0,FALSE,High,Low
APP-2025-0072,ORG-014,PT-02,2025-11-22,2025-11-26,2025-12-31,ST-01,"146,040,000",2,TRUE,Low,Medium
APP-2025-0073,ORG-017,PT-06,2025-11-23,2025-11-23,,ST-04,"22,960,000",0,TRUE,Medium,Medium
APP-2025-0074,ORG-024,PT-05,2025-07-09,2025-07-11,2025-08-02,ST-01,"51,200,000",0,FALSE,Low,Low
APP-2025-0075,ORG-020,PT-06,2025-02-24,2025-02-26,2025-03-09,ST-01,"12,660,000",0,FALSE,Medium,Medium
APP-2025-0076,ORG-018,PT-01,2025-07-25,2025-07-27,,ST-03,"197,750,000",1,FALSE,Low,Low
APP-2025-0077,ORG-029,PT-05,2025-08-16,2025-08-16,,ST-03,"12,320,000",0,FALSE,Medium,Medium
APP-2025-0078,ORG-007,PT-01,2025-02-19,2025-02-21,2025-03-08,ST-01,"122,230,000",0,FALSE,Medium,Low
APP-2025-0079,ORG-032,PT-06,2025-10-05,2025-10-08,2025-10-24,ST-01,"16,370,000",0,FALSE,Low,Low
APP-2025-0080,ORG-015,PT-03,2025-02-22,2025-02-22,2025-03-11,ST-01,"183,230,000",0,FALSE,Medium,Low
APP-2025-0081,ORG-039,PT-01,2025-05-01,2025-05-03,,ST-04,"40,790,000",0,TRUE,Medium,Low
APP-2025-0082,ORG-038,PT-04,2025-05-22,2025-05-24,2025-07-16,ST-02,"31,150,000",0,TRUE,Medium,Medium
APP-2025-0083,ORG-025,PT-05,2025-04-01,2025-04-02,2025-05-26,ST-01,"12,780,000",0,FALSE,Medium,Low
APP-2025-0084,ORG-019,PT-03,2025-05-12,2025-05-12,2025-05-24,ST-01,"117,330,000",0,FALSE,Medium,Low
APP-2025-0085,ORG-035,PT-01,2025-12-01,2025-12-01,2025-12-26,ST-01,"12,090,000",0,FALSE,High,Medium
APP-2025-0086,ORG-018,PT-04,2025-03-08,2025-03-08,2025-03-25,ST-01,"66,850,000",0,FALSE,Medium,Medium
APP-2025-0087,ORG-039,PT-03,2025-07-20,2025-07-21,2025-08-13,ST-01,"121,240,000",0,FALSE,Medium,Low
APP-2025-0088,ORG-021,PT-03,2025-06-01,2025-06-02,2025-07-01,ST-01,"124,570,000",3,TRUE,Medium,Low
APP-2025-0089,ORG-019,PT-02,2025-03-20,2025-03-23,2025-04-18,ST-01,"64,980,000",0,TRUE,Medium,Low
APP-2025-0090,ORG-039,PT-04,2025-07-11,2025-07-14,2025-08-08,ST-01,"16,510,000",0,FALSE,Medium,Medium
APP-2025-0091,ORG-019,PT-01,2025-11-23,2025-11-24,2025-12-17,ST-01,"158,920,000",0,TRUE,Medium,Low
APP-2025-0092,ORG-038,PT-02,2025-09-12,2025-09-14,2025-10-29,ST-02,"185,620,000",0,FALSE,High,Low
APP-2025-0093,ORG-004,PT-02,2025-10-08,2025-10-09,2025-10-27,ST-01,"103,160,000",0,FALSE,Medium,Medium
APP-2025-0094,ORG-036,PT-05,2025-04-10,2025-04-11,2025-05-19,ST-01,"71,810,000",0,FALSE,Medium,Medium
APP-2025-0095,ORG-039,PT-05,2025-06-30,2025-07-01,2025-08-25,ST-01,"251,330,000",0,FALSE,Medium,Medium
APP-2025-0096,ORG-036,PT-01,2025-04-04,2025-04-05,2025-05-03,ST-01,"71,140,000",1,TRUE,Medium,Low
APP-2025-0097,ORG-014,PT-01,2025-08-23,2025-08-25,,ST-03,"58,430,000",0,FALSE,Low,Low
APP-2025-0098,ORG-011,PT-02,2025-07-07,2025-07-07,2025-08-03,ST-01,"63,950,000",0,FALSE,Medium,Medium
APP-2025-0099,ORG-019,PT-02,2025-01-27,2025-01-27,2025-02-21,ST-01,"82,070,000",0,FALSE,High,Low
APP-2025-0100,ORG-017,PT-05,2025-07-24,2025-07-26,2025-08-08,ST-01,"48,010,000",0,FALSE,Low,Low
APP-2025-0101,ORG-036,PT-01,2025-04-24,2025-04-24,2025-06-08,ST-01,"154,900,000",0,FALSE,High,Low
APP-2025-0102,ORG-007,PT-04,2025-10-03,2025-10-03,2025-10-29,ST-02,"26,970,000",2,TRUE,Medium,Medium
APP-2025-0103,ORG-037,PT-03,2025-11-01,2025-11-06,2025-11-25,ST-02,"99,000,000",0,FALSE,Medium,Low
APP-2025-0104,ORG-020,PT-05,2025-08-18,2025-08-21,2025-09-12,ST-01,"30,470,000",0,FALSE,Low,Low
APP-2025-0105,ORG-011,PT-05,2025-07-06,2025-07-08,2025-08-09,ST-01,"33,600,000",0,FALSE,Medium,Medium
APP-2025-0106,ORG-017,PT-06,2025-06-05,2025-06-07,,ST-03,"170,670,000",0,FALSE,Low,Low
APP-2025-0107,ORG-030,PT-06,2025-08-18,2025-08-20,2025-09-05,ST-01,"25,600,000",0,TRUE,Low,Low
APP-2025-0108,ORG-002,PT-06,2025-07-24,2025-07-25,,ST-03,"197,590,000",0,FALSE,Medium,Low
APP-2025-0109,ORG-027,PT-03,2025-04-16,2025-04-16,,ST-05,"83,500,000",2,FALSE,Low,Low
APP-2025-0110,ORG-023,PT-04,2025-11-18,2025-11-19,,ST-05,"14,460,000",0,TRUE,High,Medium
APP-2025-0111,ORG-037,PT-02,2025-01-19,2025-01-21,,ST-03,"332,930,000",0,FALSE,High,Medium
APP-2025-0112,ORG-001,PT-07,2025-06-28,2025-07-03,2025-07-15,ST-01,"362,400,000",0,FALSE,High,High
APP-2025-0113,ORG-006,PT-06,2025-04-10,2025-04-12,2025-04-26,ST-01,"17,190,000",1,FALSE,Low,Low
APP-2025-0114,ORG-002,PT-07,2025-04-04,2025-04-06,2025-04-26,ST-01,"202,630,000",0,FALSE,Medium,Medium
APP-2025-0115,ORG-038,PT-01,2025-09-02,2025-09-04,2025-10-06,ST-02,"50,520,000",0,FALSE,Low,Low
APP-2025-0116,ORG-015,PT-06,2025-07-06,2025-07-06,2025-08-29,ST-01,"173,880,000",0,FALSE,Medium,Low
APP-2025-0117,ORG-036,PT-01,2025-10-21,2025-10-22,2025-11-11,ST-01,"19,140,000",0,FALSE,Medium,Medium
APP-2025-0118,ORG-010,PT-01,2025-05-03,2025-05-04,2025-05-26,ST-01,"126,350,000",0,FALSE,Medium,Medium
APP-2025-0119,ORG-026,PT-05,2025-12-03,2025-12-04,,ST-03,"379,840,000",0,FALSE,Medium,Medium
APP-2025-0120,ORG-039,PT-05,2025-11-25,2025-11-26,2025-12-13,ST-02,"39,270,000",0,FALSE,Medium,Low
APP-2025-0121,ORG-020,PT-03,2025-04-03,2025-04-04,2025-04-26,ST-01,"24,360,000",0,FALSE,Medium,Low
APP-2025-0122,ORG-009,PT-01,2025-01-22,2025-01-23,2025-02-07,ST-02,"77,930,000",0,FALSE,Low,Medium
APP-2025-0123,ORG-025,PT-01,2025-05-16,2025-05-17,2025-05-29,ST-01,"27,590,000",0,FALSE,Medium,Low
APP-2025-0124,ORG-005,PT-01,2025-12-07,2025-12-07,,ST-04,"331,320,000",0,TRUE,High,Medium
APP-2025-0125,ORG-014,PT-03,2025-08-27,2025-08-28,2025-09-15,ST-01,"84,660,000",0,FALSE,Medium,Low
APP-2025-0126,ORG-036,PT-07,2025-06-09,2025-06-11,2025-07-01,ST-01,"68,900,000",0,FALSE,Medium,Medium
APP-2025-0127,ORG-017,PT-06,2025-09-25,2025-09-28,2025-10-15,ST-01,"13,870,000",0,TRUE,Medium,Low
APP-2025-0128,ORG-006,PT-01,2025-09-30,2025-09-30,2025-10-14,ST-01,"147,080,000",0,FALSE,Medium,Low
APP-2025-0129,ORG-008,PT-02,2025-09-05,2025-09-06,2025-10-03,ST-01,"46,630,000",1,FALSE,High,Low
APP-2025-0130,ORG-014,PT-04,2025-05-07,2025-05-09,2025-05-31,ST-01,"207,150,000",0,FALSE,Low,Medium
APP-2025-0131,ORG-001,PT-05,2025-03-12,2025-03-13,2025-03-31,ST-01,"44,380,000",0,FALSE,Medium,Medium
APP-2025-0132,ORG-031,PT-03,2025-08-03,2025-08-04,2025-08-20,ST-01,"342,260,000",0,FALSE,Low,Medium
APP-2025-0133,ORG-019,PT-04,2025-08-05,2025-08-06,2025-08-28,ST-06,"53,010,000",0,FALSE,Medium,Medium
APP-2025-0134,ORG-008,PT-02,2025-07-04,2025-07-07,2025-07-30,ST-01,"233,740,000",0,FALSE,Medium,Medium
APP-2025-0135,ORG-005,PT-07,2025-07-05,2025-07-06,2025-07-19,ST-01,"18,830,000",0,FALSE,Medium,Medium
APP-2025-0136,ORG-007,PT-01,2025-08-26,2025-08-28,2025-09-10,ST-01,"21,460,000",0,FALSE,Medium,Medium
APP-2025-0137,ORG-027,PT-07,2025-10-31,2025-10-31,,ST-03,"100,910,000",0,FALSE,High,Medium
APP-2025-0138,ORG-003,PT-01,2025-05-27,2025-05-28,2025-06-20,ST-01,"54,370,000",1,FALSE,High,Medium
APP-2025-0139,ORG-015,PT-02,2025-11-20,2025-11-21,,ST-03,"231,990,000",0,FALSE,Medium,Low
APP-2025-0140,ORG-009,PT-06,2025-02-24,2025-02-25,2025-03-10,ST-01,"80,730,000",1,FALSE,Medium,Low
APP-2025-0141,ORG-005,PT-01,2025-09-07,2025-09-08,2025-10-04,ST-01,"60,280,000",2,FALSE,High,Low
APP-2025-0142,ORG-025,PT-06,2025-05-17,2025-05-19,2025-06-05,ST-01,"88,540,000",0,FALSE,Medium,Low
APP-2025-0143,ORG-017,PT-04,2025-09-11,2025-09-13,2025-10-05,ST-01,"63,460,000",0,FALSE,Medium,Medium
APP-2025-0144,ORG-009,PT-02,2025-12-07,2025-12-08,2026-01-05,ST-01,"47,850,000",0,FALSE,Low,Low
APP-2025-0145,ORG-006,PT-06,2025-10-19,2025-10-20,2025-11-05,ST-06,"111,190,000",0,FALSE,Medium,Medium
APP-2025-0146,ORG-005,PT-05,2025-06-26,2025-06-28,2025-07-13,ST-01,"20,050,000",0,FALSE,Medium,Low
APP-2025-0147,ORG-003,PT-06,2025-02-09,2025-02-10,2025-02-18,ST-01,"34,490,000",0,FALSE,Medium,Low
APP-2025-0148,ORG-017,PT-06,2025-02-09,2025-02-09,2025-02-17,ST-01,"350,530,000",0,FALSE,Medium,Medium
APP-2025-0149,ORG-017,PT-03,2025-07-04,2025-07-06,2025-08-01,ST-01,"61,580,000",0,FALSE,Medium,Low
APP-2025-0150,ORG-029,PT-05,2025-09-08,2025-09-08,2025-09-27,ST-01,"118,320,000",0,TRUE,Low,Low
APP-2025-0151,ORG-006,PT-05,2025-12-30,2025-12-31,,ST-03,"93,060,000",0,FALSE,Medium,Low
APP-2025-0152,ORG-031,PT-04,2025-11-17,2025-11-18,2025-12-14,ST-01,"43,490,000",0,TRUE,Medium,Medium
APP-2025-0153,ORG-021,PT-01,2025-07-28,2025-08-02,2025-08-14,ST-01,"108,260,000",0,FALSE,Medium,Low
APP-2025-0154,ORG-025,PT-07,2025-05-20,2025-05-20,2025-06-03,ST-01,"40,460,000",1,FALSE,Medium,Medium
APP-2025-0155,ORG-015,PT-04,2025-05-25,2025-05-26,2025-07-08,ST-01,"81,550,000",0,FALSE,Medium,Medium
APP-2025-0156,ORG-004,PT-05,2025-08-06,2025-08-07,2025-08-28,ST-01,"5,210,000",0,TRUE,Medium,Medium
APP-2025-0157,ORG-019,PT-06,2025-02-27,2025-02-28,2025-03-30,ST-01,"34,530,000",1,TRUE,Low,Low
APP-2025-0158,ORG-036,PT-07,2025-04-06,2025-04-08,2025-05-05,ST-01,"61,240,000",0,FALSE,Medium,Medium
APP-2025-0159,ORG-037,PT-07,2025-01-14,2025-01-17,2025-02-18,ST-01,"324,190,000",0,FALSE,High,Medium
APP-2025-0160,ORG-024,PT-02,2025-04-29,2025-04-30,2025-05-27,ST-01,"47,590,000",0,FALSE,Medium,Medium
APP-2025-0161,ORG-005,PT-01,2025-05-03,2025-05-05,2025-05-20,ST-01,"12,250,000",0,FALSE,Medium,Low
APP-2025-0162,ORG-008,PT-01,2025-03-06,2025-03-07,2025-03-23,ST-01,"34,450,000",0,FALSE,Low,Low
APP-2025-0163,ORG-039,PT-03,2025-07-17,2025-07-18,,ST-04,"13,890,000",2,TRUE,Low,Medium
APP-2025-0164,ORG-037,PT-01,2025-01-11,2025-01-12,2025-02-18,ST-01,"26,710,000",0,FALSE,Medium,Low
APP-2025-0165,ORG-029,PT-07,2025-11-26,2025-11-29,,ST-03,"99,960,000",0,FALSE,Medium,Medium
APP-2025-0166,ORG-028,PT-07,2025-08-16,2025-08-16,2025-09-29,ST-01,"30,690,000",0,TRUE,Medium,Medium
APP-2025-0167,ORG-020,PT-01,2025-08-18,2025-08-18,2025-09-11,ST-02,"87,820,000",2,FALSE,Medium,Low
APP-2025-0168,ORG-019,PT-06,2025-09-04,2025-09-05,,ST-03,"74,300,000",0,FALSE,Low,Low
APP-2025-0169,ORG-011,PT-04,2025-01-21,2025-01-23,2025-02-07,ST-01,"176,070,000",0,FALSE,High,Medium
APP-2025-0170,ORG-032,PT-01,2025-10-21,2025-10-23,,ST-03,"8,680,000",0,FALSE,Medium,Low
APP-2025-0171,ORG-023,PT-04,2025-10-24,2025-10-25,2025-11-14,ST-01,"89,800,000",0,FALSE,Medium,Medium
APP-2025-0172,ORG-031,PT-05,2025-04-05,2025-04-09,2025-05-04,ST-01,"50,410,000",2,TRUE,High,Low
APP-2025-0173,ORG-023,PT-04,2025-08-30,2025-08-31,,ST-03,"52,770,000",0,FALSE,Low,Medium
APP-2025-0174,ORG-029,PT-05,2025-08-29,2025-08-30,2025-09-19,ST-01,"93,440,000",0,TRUE,High,Low
APP-2025-0175,ORG-014,PT-05,2025-07-15,2025-07-16,2025-07-31,ST-06,"30,060,000",0,FALSE,Medium,Low
APP-2025-0176,ORG-023,PT-07,2025-04-19,2025-04-20,2025-05-09,ST-02,"351,670,000",0,FALSE,Medium,Medium
APP-2025-0177,ORG-017,PT-06,2025-08-27,2025-08-27,2025-09-06,ST-01,"47,780,000",0,FALSE,Medium,Low
APP-2025-0178,ORG-029,PT-04,2025-02-17,2025-02-18,2025-03-09,ST-06,"174,520,000",0,FALSE,Medium,Medium
APP-2025-0179,ORG-030,PT-02,2025-07-10,2025-07-12,2025-08-11,ST-01,"113,450,000",0,FALSE,Medium,Medium
APP-2025-0180,ORG-025,PT-05,2025-02-28,2025-03-01,,ST-03,"47,860,000",0,FALSE,Low,Low
APP-2025-0181,ORG-039,PT-05,2025-08-26,2025-08-28,2025-09-17,ST-01,"512,740,000",1,FALSE,High,Medium
APP-2025-0182,ORG-029,PT-02,2025-01-15,2025-01-15,2025-02-12,ST-01,"482,190,000",0,FALSE,Medium,Medium
APP-2025-0183,ORG-009,PT-01,2025-04-23,2025-04-25,,ST-03,"58,910,000",0,FALSE,Medium,Low
APP-2025-0184,ORG-032,PT-01,2025-04-27,2025-04-28,2025-06-05,ST-01,"95,240,000",0,FALSE,High,Low
APP-2025-0185,ORG-028,PT-01,2025-09-05,2025-09-06,,ST-03,"123,730,000",0,FALSE,High,Medium
APP-2025-0186,ORG-005,PT-04,2025-04-26,2025-04-26,2025-05-06,ST-01,"244,900,000",0,FALSE,Medium,Medium
APP-2025-0187,ORG-003,PT-03,2025-07-26,2025-07-28,2025-08-09,ST-01,"97,740,000",0,TRUE,Low,Low
APP-2025-0188,ORG-007,PT-02,2025-09-18,2025-09-19,,ST-03,"47,390,000",0,FALSE,Medium,Low
APP-2025-0189,ORG-006,PT-06,2025-12-16,2025-12-17,2025-12-27,ST-01,"12,490,000",0,FALSE,Low,Low
APP-2025-0190,ORG-022,PT-03,2025-02-15,2025-02-16,2025-03-10,ST-01,"81,220,000",0,TRUE,Low,Low
APP-2025-0191,ORG-003,PT-01,2025-04-03,2025-04-04,2025-04-19,ST-01,"69,330,000",1,FALSE,Medium,Low
APP-2025-0192,ORG-035,PT-05,2025-03-11,2025-03-14,2025-04-23,ST-01,"185,680,000",1,FALSE,Low,Low
APP-2025-0193,ORG-001,PT-05,2025-11-20,2025-11-20,2025-12-04,ST-01,"167,080,000",0,FALSE,High,Low
APP-2025-0194,ORG-037,PT-06,2025-09-03,2025-09-03,2025-10-08,ST-01,"90,910,000",0,TRUE,High,Medium
APP-2025-0195,ORG-019,PT-04,2025-08-01,2025-08-01,2025-08-26,ST-01,"102,360,000",2,TRUE,High,Medium
APP-2025-0196,ORG-017,PT-06,2025-05-26,2025-05-27,2025-06-21,ST-01,"68,790,000",0,FALSE,Medium,Medium
APP-2025-0197,ORG-031,PT-01,2025-09-24,2025-09-24,2025-10-11,ST-01,"105,820,000",0,FALSE,Low,Low
APP-2025-0198,ORG-030,PT-01,2025-06-29,2025-07-01,2025-08-03,ST-01,"41,030,000",0,FALSE,High,Low
APP-2025-0199,ORG-025,PT-01,2025-11-14,2025-11-16,2025-11-28,ST-01,"79,840,000",0,FALSE,Low,Medium
APP-2025-0200,ORG-025,PT-04,2025-07-23,2025-07-25,,ST-03,"257,850,000",0,TRUE,Medium,Medium
APP-2025-0201,ORG-028,PT-01,2025-06-01,2025-06-02,2025-06-09,ST-01,"78,090,000",0,FALSE,Low,Medium
APP-2025-0202,ORG-008,PT-02,2025-03-24,2025-03-25,2025-04-11,ST-01,"190,130,000",1,FALSE,High,Low
APP-2025-0203,ORG-022,PT-06,2025-05-04,2025-05-06,2025-05-18,ST-01,"90,960,000",0,FALSE,Medium,Low
APP-2025-0204,ORG-015,PT-07,2025-11-05,2025-11-09,2025-12-19,ST-01,"200,670,000",0,FALSE,High,Medium
APP-2025-0205,ORG-004,PT-06,2025-12-01,2025-12-01,2025-12-15,ST-01,"18,500,000",0,FALSE,Low,Low
APP-2025-0206,ORG-017,PT-03,2025-05-15,2025-05-17,2025-06-04,ST-01,"100,820,000",0,TRUE,Medium,Low
APP-2025-0207,ORG-024,PT-01,2025-07-03,2025-07-06,2025-08-01,ST-01,"121,250,000",1,FALSE,Medium,Low
APP-2025-0208,ORG-039,PT-03,2025-04-20,2025-04-21,2025-05-18,ST-01,"233,050,000",0,FALSE,Medium,Low
APP-2025-0209,ORG-014,PT-05,2025-05-15,2025-05-16,,ST-03,"166,610,000",0,FALSE,Medium,Low
APP-2025-0210,ORG-024,PT-01,2025-07-07,2025-07-07,2025-07-26,ST-01,"60,300,000",0,TRUE,Low,Low
APP-2025-0211,ORG-011,PT-05,2025-08-06,2025-08-07,2025-08-31,ST-01,"17,840,000",0,TRUE,Low,Medium
APP-2025-0212,ORG-006,PT-02,2025-02-10,2025-02-12,2025-03-03,ST-01,"631,910,000",0,TRUE,Medium,High
APP-2025-0213,ORG-002,PT-05,2025-10-24,2025-10-24,,ST-03,"248,770,000",0,FALSE,Low,Low
APP-2025-0214,ORG-034,PT-01,2025-01-21,2025-01-25,2025-02-12,ST-01,"10,500,000",0,TRUE,High,Low
APP-2025-0215,ORG-022,PT-06,2025-12-14,2025-12-17,,ST-03,"352,890,000",0,FALSE,Medium,Medium
APP-2025-0216,ORG-004,PT-03,2025-09-27,2025-09-29,2025-10-19,ST-01,"48,560,000",1,FALSE,High,Low
APP-2025-0217,ORG-011,PT-01,2025-08-01,2025-08-05,2025-08-17,ST-01,"82,660,000",0,FALSE,Medium,Low
APP-2025-0218,ORG-005,PT-06,2025-12-29,2025-12-30,2026-01-15,ST-01,"327,370,000",0,FALSE,Medium,Medium
APP-2025-0219,ORG-036,PT-02,2025-02-28,2025-02-28,2025-03-12,ST-01,"25,620,000",0,FALSE,Medium,Medium
APP-2025-0220,ORG-013,PT-07,2025-07-19,2025-07-21,2025-08-21,ST-01,"72,870,000",0,FALSE,Low,Medium
APP-2025-0221,ORG-030,PT-04,2025-09-24,2025-09-26,2025-10-15,ST-01,"97,950,000",0,FALSE,High,Medium
APP-2025-0222,ORG-039,PT-02,2025-04-22,2025-04-24,2025-05-14,ST-01,"25,530,000",0,TRUE,High,Low
APP-2025-0223,ORG-008,PT-07,2025-02-08,2025-02-11,,ST-05,"49,720,000",1,TRUE,Medium,Medium
APP-2025-0224,ORG-032,PT-03,2025-06-05,2025-06-07,2025-06-22,ST-01,"232,090,000",0,FALSE,Low,Low
APP-2025-0225,ORG-017,PT-01,2025-08-01,2025-08-01,2025-08-18,ST-01,"80,810,000",0,FALSE,High,Medium
APP-2025-0226,ORG-001,PT-04,2025-10-18,2025-10-19,,ST-03,"48,410,000",1,FALSE,Medium,Medium
APP-2025-0227,ORG-021,PT-02,2025-02-07,2025-02-09,2025-02-27,ST-02,"69,440,000",0,TRUE,High,Low
APP-2025-0228,ORG-014,PT-01,2025-06-17,2025-06-17,2025-07-05,ST-01,"143,390,000",0,FALSE,Medium,Low
APP-2025-0229,ORG-010,PT-07,2025-06-08,2025-06-11,2025-07-19,ST-01,"184,530,000",0,FALSE,High,Medium
APP-2025-0230,ORG-034,PT-02,2025-05-20,2025-05-23,2025-06-18,ST-01,"28,280,000",0,FALSE,Medium,Medium
APP-2025-0231,ORG-005,PT-07,2025-04-08,2025-04-08,2025-04-26,ST-01,"103,350,000",0,FALSE,Medium,Medium
APP-2025-0232,ORG-028,PT-01,2025-01-04,2025-01-09,2025-01-18,ST-06,"48,840,000",0,FALSE,Medium,Low
APP-2025-0233,ORG-032,PT-01,2025-05-11,2025-05-12,,ST-03,"24,710,000",1,FALSE,High,Medium
APP-2025-0234,ORG-005,PT-05,2025-07-09,2025-07-09,2025-07-20,ST-01,"8,360,000",0,FALSE,Low,Medium
APP-2025-0235,ORG-010,PT-02,2025-05-28,2025-05-28,2025-06-14,ST-01,"30,620,000",0,FALSE,Medium,Low
APP-2025-0236,ORG-017,PT-05,2025-07-10,2025-07-14,,ST-03,"36,390,000",0,FALSE,Medium,Low
APP-2025-0237,ORG-025,PT-04,2025-03-23,2025-03-24,2025-04-19,ST-01,"52,430,000",0,FALSE,Medium,Medium
APP-2025-0238,ORG-009,PT-07,2025-01-31,2025-01-31,,ST-03,"166,310,000",0,FALSE,Low,Medium
APP-2025-0239,ORG-008,PT-05,2025-10-26,2025-10-27,2025-11-24,ST-01,"33,630,000",0,FALSE,Medium,Low
APP-2025-0240,ORG-017,PT-02,2025-10-18,2025-10-20,2025-11-16,ST-01,"256,500,000",0,FALSE,High,Medium
APP-2025-0241,ORG-005,PT-01,2025-11-24,2025-11-25,,ST-03,"46,630,000",0,FALSE,Medium,Low
APP-2025-0242,ORG-038,PT-01,2025-02-01,2025-02-02,2025-02-24,ST-01,"41,210,000",0,TRUE,Medium,Low
APP-2025-0243,ORG-004,PT-01,2025-01-17,2025-01-19,2025-02-02,ST-02,"170,810,000",0,FALSE,Medium,Low
APP-2025-0244,ORG-006,PT-05,2025-05-19,2025-05-20,2025-05-30,ST-01,"25,270,000",0,FALSE,Medium,Low
APP-2025-0245,ORG-031,PT-07,2025-09-18,2025-09-18,2025-10-08,ST-01,"172,170,000",0,TRUE,High,Medium
APP-2025-0246,ORG-019,PT-01,2025-04-03,2025-04-03,2025-04-20,ST-02,"24,080,000",0,FALSE,Medium,Low
APP-2025-0247,ORG-034,PT-04,2025-02-12,2025-02-13,,ST-03,"86,610,000",0,FALSE,Medium,Medium
APP-2025-0248,ORG-018,PT-01,2025-05-27,2025-05-31,2025-06-25,ST-01,"39,050,000",1,FALSE,Medium,Low
APP-2025-0249,ORG-037,PT-03,2025-04-23,2025-04-23,2025-05-30,ST-02,"120,470,000",0,FALSE,Medium,Low
APP-2025-0250,ORG-007,PT-01,2025-08-26,2025-08-26,2025-09-07,ST-01,"87,180,000",0,FALSE,Medium,Medium
APP-2025-0251,ORG-022,PT-02,2025-01-13,2025-01-13,,ST-04,"20,900,000",1,TRUE,High,Low
APP-2025-0252,ORG-040,PT-06,2025-12-30,2026-01-01,2026-02-10,ST-01,"98,580,000",0,FALSE,Low,Low
APP-2025-0253,ORG-005,PT-05,2025-05-04,2025-05-06,2025-05-18,ST-01,"27,400,000",0,FALSE,Medium,Low
APP-2025-0254,ORG-002,PT-05,2025-08-15,2025-08-15,2025-09-11,ST-02,"31,820,000",2,FALSE,Low,Low
APP-2025-0255,ORG-035,PT-03,2025-05-13,2025-05-14,2025-06-04,ST-01,"87,410,000",0,FALSE,High,Low
APP-2025-0256,ORG-023,PT-01,2025-02-02,2025-02-04,2025-02-23,ST-01,"297,300,000",0,FALSE,Medium,Medium
APP-2025-0257,ORG-035,PT-04,2025-10-11,2025-10-16,2025-11-24,ST-01,"35,520,000",2,FALSE,Medium,Medium
APP-2025-0258,ORG-025,PT-07,2025-09-22,2025-09-22,2025-10-30,ST-01,"59,010,000",0,FALSE,Medium,Medium
APP-2025-0259,ORG-026,PT-04,2025-01-02,2025-01-03,,ST-03,"56,200,000",0,FALSE,Low,Medium
APP-2025-0260,ORG-011,PT-05,2025-09-03,2025-09-04,2025-09-16,ST-01,"273,480,000",0,FALSE,Medium,Medium
APP-2025-0261,ORG-004,PT-04,2025-10-10,2025-10-11,2025-11-03,ST-02,"19,680,000",2,FALSE,Medium,Medium
APP-2025-0262,ORG-022,PT-03,2025-02-14,2025-02-16,2025-03-10,ST-01,"98,200,000",0,FALSE,Medium,Medium
APP-2025-0263,ORG-015,PT-05,2025-01-16,2025-01-20,2025-02-06,ST-01,"35,540,000",0,FALSE,Low,Medium
APP-2025-0264,ORG-022,PT-03,2025-11-01,2025-11-03,,ST-03,"98,210,000",0,FALSE,Medium,Low
APP-2025-0265,ORG-038,PT-03,2025-03-28,2025-03-29,2025-05-03,ST-01,"138,160,000",0,FALSE,Medium,Low
APP-2025-0266,ORG-033,PT-03,2025-05-06,2025-05-07,2025-05-20,ST-01,"26,860,000",0,FALSE,Medium,Low
APP-2025-0267,ORG-019,PT-05,2025-10-22,2025-10-22,2025-11-06,ST-01,"426,240,000",0,TRUE,Medium,Medium
APP-2025-0268,ORG-008,PT-03,2025-10-08,2025-10-08,2025-11-03,ST-01,"1,204,440,000",0,FALSE,High,Medium
APP-2025-0269,ORG-025,PT-07,2025-03-04,2025-03-05,,ST-03,"33,700,000",0,FALSE,High,Medium
APP-2025-0270,ORG-024,PT-04,2025-12-05,2025-12-07,2026-01-05,ST-01,"548,670,000",0,FALSE,High,Medium
APP-2025-0271,ORG-017,PT-07,2025-08-02,2025-08-05,2025-09-01,ST-01,"778,840,000",2,FALSE,High,High
APP-2025-0272,ORG-039,PT-02,2025-05-26,2025-05-28,2025-06-23,ST-01,"68,800,000",0,FALSE,Medium,Low
APP-2025-0273,ORG-035,PT-06,2025-11-17,2025-11-18,2026-01-08,ST-01,"158,210,000",2,FALSE,Medium,Low
APP-2025-0274,ORG-034,PT-04,2025-08-17,2025-08-19,2025-09-22,ST-02,"35,580,000",0,FALSE,High,Medium
APP-2025-0275,ORG-037,PT-06,2025-05-31,2025-06-04,,ST-03,"47,320,000",0,FALSE,Low,Low
APP-2025-0276,ORG-029,PT-04,2025-10-22,2025-10-25,2025-12-10,ST-01,"27,460,000",0,TRUE,Low,Medium
APP-2025-0277,ORG-009,PT-05,2025-02-20,2025-02-21,,ST-04,"66,350,000",1,TRUE,Low,Low
APP-2025-0278,ORG-014,PT-05,2025-09-05,2025-09-06,2025-09-25,ST-01,"42,520,000",0,FALSE,Medium,Low
APP-2025-0279,ORG-014,PT-07,2025-01-19,2025-01-20,2025-02-10,ST-01,"222,430,000",0,FALSE,Medium,Medium
APP-2025-0280,ORG-007,PT-02,2025-01-03,2025-01-03,2025-01-14,ST-01,"53,760,000",0,FALSE,Medium,Medium
APP-2025-0281,ORG-005,PT-02,2025-01-05,2025-01-09,2025-02-02,ST-01,"30,220,000",0,FALSE,High,Medium
APP-2025-0282,ORG-038,PT-05,2025-08-14,2025-08-14,,ST-03,"21,610,000",0,FALSE,High,Low
APP-2025-0283,ORG-028,PT-01,2025-10-06,2025-10-07,2025-10-19,ST-01,"45,390,000",2,FALSE,High,Low
APP-2025-0284,ORG-033,PT-07,2025-07-18,2025-07-19,2025-08-15,ST-01,"47,290,000",0,FALSE,Medium,Medium
APP-2025-0285,ORG-002,PT-01,2025-12-21,2025-12-21,2026-01-02,ST-01,"39,030,000",0,FALSE,High,Medium
APP-2025-0286,ORG-026,PT-01,2025-06-02,2025-06-03,2025-06-25,ST-01,"90,530,000",0,FALSE,Medium,Low
APP-2025-0287,ORG-014,PT-01,2025-11-20,2025-11-21,2025-12-11,ST-01,"92,280,000",0,FALSE,High,Medium
APP-2025-0288,ORG-002,PT-01,2025-10-17,2025-10-18,2025-10-24,ST-01,"25,590,000",0,FALSE,Medium,Low
APP-2025-0289,ORG-021,PT-05,2025-07-15,2025-07-17,2025-08-01,ST-01,"966,390,000",0,FALSE,High,Medium
APP-2025-0290,ORG-012,PT-01,2025-10-13,2025-10-14,2025-10-24,ST-01,"285,560,000",0,FALSE,Low,Medium
APP-2025-0291,ORG-029,PT-05,2025-02-15,2025-02-16,2025-03-23,ST-01,"9,650,000",2,TRUE,Medium,Low
APP-2025-0292,ORG-036,PT-07,2025-08-28,2025-08-30,2025-10-05,ST-01,"59,960,000",0,FALSE,Low,Medium
APP-2025-0293,ORG-011,PT-07,2025-08-24,2025-08-25,,ST-03,"176,430,000",0,FALSE,Medium,Medium
APP-2025-0294,ORG-008,PT-07,2025-07-12,2025-07-14,2025-08-04,ST-01,"71,940,000",0,FALSE,Medium,Medium
APP-2025-0295,ORG-005,PT-06,2025-01-19,2025-01-19,2025-02-05,ST-01,"216,120,000",1,FALSE,Medium,Low
APP-2025-0296,ORG-003,PT-06,2025-06-28,2025-06-29,2025-07-06,ST-01,"127,100,000",0,FALSE,Medium,Low
APP-2025-0297,ORG-025,PT-05,2025-04-11,2025-04-14,2025-05-09,ST-01,"109,580,000",2,FALSE,Low,Medium
APP-2025-0298,ORG-039,PT-01,2025-04-17,2025-04-20,2025-05-26,ST-01,"58,930,000",0,TRUE,Medium,Medium
APP-2025-0299,ORG-034,PT-05,2025-10-25,2025-10-26,2025-11-13,ST-01,"119,680,000",0,FALSE,Medium,Low
APP-2025-0300,ORG-027,PT-01,2025-02-15,2025-02-15,2025-02-24,ST-01,"50,900,000",0,FALSE,High,Medium
APP-2025-0301,ORG-006,PT-07,2025-08-12,2025-08-14,2025-09-08,ST-01,"43,030,000",0,TRUE,Medium,Medium
APP-2025-0302,ORG-025,PT-01,2025-09-07,2025-09-07,2025-09-26,ST-01,"67,020,000",0,FALSE,Medium,Medium
APP-2025-0303,ORG-028,PT-01,2025-12-28,2025-12-28,,ST-03,"46,780,000",0,FALSE,Medium,Low
APP-2025-0304,ORG-037,PT-07,2025-06-08,2025-06-11,2025-07-28,ST-01,"8,450,000",0,FALSE,Medium,Medium
APP-2025-0305,ORG-036,PT-06,2025-08-24,2025-08-27,2025-10-13,ST-01,"68,080,000",0,FALSE,Low,Low
APP-2025-0306,ORG-021,PT-03,2025-06-27,2025-06-28,2025-07-16,ST-01,"135,540,000",0,FALSE,Medium,Low
APP-2025-0307,ORG-009,PT-04,2025-06-17,2025-06-18,2025-07-03,ST-01,"36,570,000",0,TRUE,Medium,Medium
APP-2025-0308,ORG-034,PT-05,2025-07-17,2025-07-19,2025-08-12,ST-01,"62,940,000",0,TRUE,Medium,Low
APP-2025-0309,ORG-010,PT-07,2025-03-24,2025-03-25,2025-04-22,ST-01,"221,930,000",0,FALSE,Medium,Medium
APP-2025-0310,ORG-017,PT-01,2025-03-22,2025-03-23,2025-04-16,ST-01,"13,680,000",1,FALSE,Medium,Medium
APP-2025-0311,ORG-013,PT-07,2025-09-11,2025-09-12,,ST-03,"48,730,000",0,FALSE,Medium,Medium
APP-2025-0312,ORG-018,PT-02,2025-11-06,2025-11-07,2025-12-04,ST-01,"192,570,000",1,FALSE,Medium,Low
APP-2025-0313,ORG-017,PT-01,2025-12-26,2025-12-27,2026-01-16,ST-01,"18,020,000",0,TRUE,Medium,Low
APP-2025-0314,ORG-025,PT-01,2025-05-31,2025-06-01,2025-06-14,ST-06,"37,570,000",0,FALSE,High,Low
APP-2025-0315,ORG-040,PT-01,2025-11-18,2025-11-19,,ST-03,"97,090,000",0,FALSE,Medium,Low
APP-2025-0316,ORG-020,PT-04,2025-02-11,2025-02-12,,ST-04,"45,960,000",0,TRUE,Medium,Medium
APP-2025-0317,ORG-005,PT-02,2025-11-08,2025-11-09,2025-11-26,ST-06,"53,880,000",0,FALSE,Low,Low
APP-2025-0318,ORG-019,PT-06,2025-09-28,2025-10-02,2025-10-17,ST-01,"28,000,000",0,FALSE,Low,Low
APP-2025-0319,ORG-034,PT-01,2025-09-07,2025-09-08,2025-10-03,ST-01,"43,150,000",0,FALSE,High,Low
APP-2025-0320,ORG-009,PT-05,2025-05-09,2025-05-10,2025-05-25,ST-01,"61,000,000",0,FALSE,Low,Low
APP-2025-0321,ORG-005,PT-06,2025-09-30,2025-09-30,2025-10-20,ST-01,"38,480,000",0,FALSE,Medium,Medium
APP-2025-0322,ORG-010,PT-01,2025-07-25,2025-07-25,2025-08-23,ST-01,"120,670,000",0,TRUE,Medium,Low
APP-2025-0323,ORG-011,PT-07,2025-08-14,2025-08-15,2025-09-12,ST-01,"121,350,000",0,FALSE,Medium,Medium
APP-2025-0324,ORG-007,PT-01,2025-01-20,2025-01-20,2025-01-31,ST-01,"113,780,000",0,FALSE,Low,Low
APP-2025-0325,ORG-003,PT-02,2025-11-17,2025-11-18,,ST-03,"16,300,000",0,FALSE,Medium,Low
APP-2025-0326,ORG-009,PT-05,2025-11-06,2025-11-08,,ST-03,"147,430,000",0,FALSE,Medium,Medium
APP-2025-0327,ORG-017,PT-02,2025-01-28,2025-01-30,2025-03-06,ST-02,"101,380,000",0,FALSE,Medium,Low
APP-2025-0328,ORG-025,PT-01,2025-12-23,2025-12-24,2026-01-08,ST-01,"82,580,000",0,FALSE,Medium,Low
APP-2025-0329,ORG-017,PT-07,2025-03-20,2025-03-22,2025-04-11,ST-01,"79,710,000",0,FALSE,Medium,Medium
APP-2025-0330,ORG-037,PT-07,2025-03-10,2025-03-11,2025-04-17,ST-01,"79,960,000",0,FALSE,Medium,Medium
APP-2025-0331,ORG-030,PT-07,2025-07-11,2025-07-12,2025-08-12,ST-01,"67,280,000",0,FALSE,Medium,Medium
APP-2025-0332,ORG-036,PT-06,2025-08-04,2025-08-05,2025-09-06,ST-01,"458,800,000",0,FALSE,Medium,Medium
APP-2025-0333,ORG-004,PT-06,2025-05-02,2025-05-04,2025-05-16,ST-01,"164,750,000",0,FALSE,Low,Medium
APP-2025-0334,ORG-002,PT-07,2025-06-25,2025-06-25,2025-07-20,ST-01,"54,640,000",0,FALSE,High,Medium
APP-2025-0335,ORG-034,PT-07,2025-04-01,2025-04-03,,ST-05,"76,850,000",1,FALSE,Medium,Medium
APP-2025-0336,ORG-017,PT-03,2025-07-03,2025-07-05,2025-07-21,ST-01,"23,440,000",0,FALSE,Medium,Low
APP-2025-0337,ORG-028,PT-04,2025-09-16,2025-09-19,,ST-03,"142,570,000",3,FALSE,High,Medium
APP-2025-0338,ORG-001,PT-02,2025-01-10,2025-01-10,2025-01-26,ST-01,"80,680,000",0,FALSE,Low,Low
APP-2025-0339,ORG-038,PT-03,2025-07-22,2025-07-26,2025-09-09,ST-01,"267,880,000",3,FALSE,Medium,Medium
APP-2025-0340,ORG-001,PT-03,2025-04-12,2025-04-12,2025-05-08,ST-01,"72,460,000",0,FALSE,Low,Low
APP-2025-0341,ORG-008,PT-06,2025-03-22,2025-03-23,2025-04-26,ST-01,"122,890,000",1,FALSE,Medium,Low
APP-2025-0342,ORG-014,PT-05,2025-04-10,2025-04-12,2025-04-26,ST-01,"37,780,000",0,FALSE,Low,Low
APP-2025-0343,ORG-017,PT-03,2025-05-27,2025-05-29,,ST-03,"44,080,000",1,FALSE,Low,Low
APP-2025-0344,ORG-031,PT-02,2025-03-24,2025-03-25,2025-05-18,ST-01,"608,310,000",0,FALSE,Medium,Medium
APP-2025-0345,ORG-021,PT-03,2025-10-25,2025-10-26,2025-11-23,ST-01,"185,410,000",0,FALSE,Medium,Low
APP-2025-0346,ORG-004,PT-04,2025-09-03,2025-09-03,2025-09-17,ST-01,"35,450,000",0,FALSE,Medium,Medium
APP-2025-0347,ORG-014,PT-03,2025-08-19,2025-08-22,,ST-03,"34,200,000",0,FALSE,Medium,Low
APP-2025-0348,ORG-009,PT-01,2025-07-11,2025-07-11,2025-07-27,ST-01,"747,070,000",0,FALSE,High,Medium
APP-2025-0349,ORG-006,PT-03,2025-06-23,2025-06-25,,ST-05,"333,920,000",1,FALSE,Medium,Medium
APP-2025-0350,ORG-025,PT-06,2025-11-03,2025-11-04,,ST-03,"442,920,000",0,FALSE,Medium,Medium
APP-2025-0351,ORG-001,PT-02,2025-09-17,2025-09-17,2025-10-01,ST-01,"160,580,000",0,FALSE,Medium,Low
APP-2025-0352,ORG-022,PT-04,2025-11-01,2025-11-04,,ST-03,"25,410,000",0,FALSE,Medium,Medium
APP-2025-0353,ORG-027,PT-04,2025-06-28,2025-06-29,2025-07-18,ST-01,"69,020,000",0,FALSE,Medium,Medium
APP-2025-0354,ORG-009,PT-06,2025-03-04,2025-03-05,2025-04-02,ST-01,"397,260,000",2,TRUE,Medium,Medium
APP-2025-0355,ORG-022,PT-01,2025-08-08,2025-08-09,2025-08-21,ST-01,"23,950,000",0,FALSE,High,Low
APP-2025-0356,ORG-002,PT-03,2025-02-15,2025-02-15,,ST-03,"31,620,000",1,FALSE,High,Medium
APP-2025-0357,ORG-032,PT-04,2025-09-09,2025-09-10,2025-10-03,ST-01,"101,150,000",0,FALSE,Medium,Medium
APP-2025-0358,ORG-028,PT-02,2025-09-21,2025-09-23,2025-10-05,ST-02,"368,780,000",0,FALSE,Medium,Medium
APP-2025-0359,ORG-029,PT-07,2025-02-02,2025-02-05,2025-03-09,ST-02,"83,230,000",1,TRUE,Medium,Medium
APP-2025-0360,ORG-032,PT-02,2025-12-04,2025-12-04,2025-12-26,ST-01,"7,140,000",0,TRUE,Medium,Low
APP-2025-0361,ORG-002,PT-05,2025-09-02,2025-09-03,,ST-03,"76,790,000",0,FALSE,Low,Low
APP-2025-0362,ORG-012,PT-02,2025-05-09,2025-05-10,2025-05-31,ST-01,"106,210,000",0,FALSE,Medium,Low
APP-2025-0363,ORG-024,PT-02,2025-10-04,2025-10-04,2025-10-20,ST-01,"66,820,000",0,FALSE,Medium,Low
APP-2025-0364,ORG-036,PT-07,2025-02-02,2025-02-03,2025-03-01,ST-01,"21,200,000",0,TRUE,Low,Medium
APP-2025-0365,ORG-037,PT-05,2025-09-03,2025-09-05,,ST-03,"84,360,000",0,TRUE,Medium,Low
APP-2025-0366,ORG-034,PT-01,2025-07-12,2025-07-12,,ST-03,"45,930,000",0,FALSE,Medium,Low
APP-2025-0367,ORG-016,PT-02,2025-06-20,2025-06-22,2025-07-10,ST-01,"70,890,000",0,FALSE,Medium,Low
APP-2025-0368,ORG-018,PT-04,2025-01-10,2025-01-12,2025-02-26,ST-01,"24,460,000",1,FALSE,Medium,Medium
APP-2025-0369,ORG-004,PT-07,2025-09-24,2025-09-25,,ST-03,"46,420,000",0,FALSE,High,Medium
APP-2025-0370,ORG-002,PT-02,2025-01-04,2025-01-06,,ST-03,"94,900,000",0,FALSE,Medium,Medium
APP-2025-0371,ORG-014,PT-01,2025-10-18,2025-10-22,2025-11-10,ST-01,"83,000,000",0,FALSE,Medium,Low
APP-2025-0372,ORG-019,PT-01,2025-02-22,2025-02-23,2025-03-11,ST-01,"73,810,000",0,FALSE,High,Medium
APP-2025-0373,ORG-010,PT-01,2025-01-12,2025-01-15,2025-02-02,ST-02,"216,430,000",0,TRUE,Medium,Low
APP-2025-0374,ORG-023,PT-03,2025-08-12,2025-08-13,2025-09-11,ST-01,"91,650,000",0,FALSE,Medium,Medium
APP-2025-0375,ORG-001,PT-06,2025-03-29,2025-03-31,2025-04-12,ST-01,"123,230,000",1,FALSE,Medium,Low
APP-2025-0376,ORG-029,PT-01,2025-04-07,2025-04-08,2025-04-21,ST-01,"70,660,000",0,FALSE,Medium,Low
APP-2025-0377,ORG-003,PT-06,2025-12-16,2025-12-18,2025-12-29,ST-01,"43,940,000",0,FALSE,Medium,Medium
APP-2025-0378,ORG-007,PT-02,2025-04-22,2025-04-22,2025-05-20,ST-02,"641,190,000",2,TRUE,Medium,Medium
APP-2025-0379,ORG-014,PT-01,2025-03-07,2025-03-10,2025-04-07,ST-01,"80,570,000",3,FALSE,Medium,Medium
APP-2025-0380,ORG-039,PT-06,2025-07-10,2025-07-14,2025-08-18,ST-01,"129,540,000",2,FALSE,Medium,Low
APP-2025-0381,ORG-021,PT-07,2025-01-21,2025-01-22,2025-02-25,ST-01,"120,800,000",0,FALSE,Medium,Medium
APP-2025-0382,ORG-010,PT-05,2025-07-29,2025-07-31,2025-08-18,ST-01,"44,580,000",0,FALSE,High,Low
APP-2025-0383,ORG-005,PT-01,2025-07-14,2025-07-16,2025-07-26,ST-01,"6,790,000",0,FALSE,Medium,Medium
APP-2025-0384,ORG-004,PT-02,2025-02-18,2025-02-18,2025-03-20,ST-01,"317,740,000",0,FALSE,Low,Medium
APP-2025-0385,ORG-039,PT-07,2025-12-27,2025-12-27,2026-02-02,ST-01,"112,020,000",0,FALSE,High,Medium
APP-2025-0386,ORG-036,PT-07,2025-09-12,2025-09-12,,ST-03,"640,070,000",0,FALSE,Medium,High
APP-2025-0387,ORG-007,PT-01,2025-04-24,2025-04-25,,ST-03,"249,860,000",0,FALSE,Medium,Low
APP-2025-0388,ORG-011,PT-05,2025-02-10,2025-02-14,,ST-03,"16,690,000",0,TRUE,Medium,Low
APP-2025-0389,ORG-002,PT-03,2025-04-09,2025-04-10,,ST-03,"22,490,000",0,FALSE,Medium,Low
APP-2025-0390,ORG-040,PT-07,2025-12-21,2025-12-28,,ST-03,"41,030,000",0,FALSE,Low,Medium
APP-2025-0391,ORG-020,PT-04,2025-09-09,2025-09-09,2025-10-18,ST-01,"33,950,000",1,FALSE,Medium,Medium
APP-2025-0392,ORG-028,PT-06,2025-12-06,2025-12-07,,ST-03,"16,830,000",0,FALSE,Low,Low
APP-2025-0393,ORG-008,PT-03,2025-04-08,2025-04-09,,ST-03,"33,570,000",0,FALSE,Medium,Low
APP-2025-0394,ORG-036,PT-02,2025-09-20,2025-09-21,,ST-03,"33,000,000",0,FALSE,Medium,Low
APP-2025-0395,ORG-033,PT-03,2025-09-23,2025-09-27,2025-10-16,ST-01,"97,330,000",0,FALSE,Medium,Low
APP-2025-0396,ORG-007,PT-07,2025-11-29,2025-11-29,,ST-03,"236,020,000",0,FALSE,Medium,Medium
APP-2025-0397,ORG-014,PT-06,2025-09-24,2025-09-25,2025-10-23,ST-01,"38,390,000",1,FALSE,Medium,Low
APP-2025-0398,ORG-022,PT-06,2025-08-08,2025-08-08,,ST-03,"66,170,000",0,FALSE,High,Medium
APP-2025-0399,ORG-008,PT-01,2025-01-29,2025-01-30,2025-02-19,ST-01,"36,990,000",0,FALSE,Low,Low
APP-2025-0400,ORG-039,PT-01,2025-08-05,2025-08-07,2025-09-25,ST-06,"14,160,000",1,FALSE,Medium,Low
APP-2025-0401,ORG-030,PT-04,2025-08-10,2025-08-11,2025-09-16,ST-01,"591,570,000",0,TRUE,High,Medium
APP-2025-0402,ORG-030,PT-04,2025-12-24,2025-12-26,2026-01-23,ST-01,"46,040,000",0,FALSE,Low,Medium
APP-2025-0403,ORG-038,PT-01,2025-01-17,2025-01-17,2025-02-14,ST-01,"69,130,000",0,FALSE,Low,Low
APP-2025-0404,ORG-002,PT-07,2025-10-18,2025-10-19,2025-11-14,ST-01,"93,200,000",1,FALSE,High,Medium
APP-2025-0405,ORG-001,PT-02,2025-06-21,2025-06-21,2025-07-11,ST-01,"16,710,000",0,FALSE,Medium,Medium
APP-2025-0406,ORG-038,PT-05,2025-10-18,2025-10-18,2025-11-03,ST-01,"126,410,000",1,FALSE,High,Low
APP-2025-0407,ORG-032,PT-01,2025-04-14,2025-04-15,2025-04-26,ST-02,"109,940,000",0,FALSE,Low,Low
APP-2025-0408,ORG-038,PT-05,2025-03-17,2025-03-22,2025-04-11,ST-01,"31,180,000",0,FALSE,Low,Low
APP-2025-0409,ORG-025,PT-03,2025-08-03,2025-08-05,2025-08-17,ST-01,"7,520,000",0,FALSE,High,Low
APP-2025-0410,ORG-004,PT-02,2025-07-18,2025-07-21,2025-08-05,ST-01,"130,080,000",0,FALSE,Low,Low
APP-2025-0411,ORG-033,PT-02,2025-02-14,2025-02-14,2025-03-18,ST-01,"94,300,000",0,FALSE,Medium,Medium
APP-2025-0412,ORG-030,PT-01,2025-09-26,2025-09-29,2025-10-18,ST-01,"8,740,000",0,FALSE,Medium,Low
APP-2025-0413,ORG-027,PT-07,2025-07-19,2025-07-19,2025-08-19,ST-01,"40,630,000",0,FALSE,Low,Medium
APP-2025-0414,ORG-015,PT-01,2025-07-03,2025-07-05,2025-07-20,ST-02,"124,330,000",0,FALSE,Medium,Low
APP-2025-0415,ORG-021,PT-05,2025-07-31,2025-08-01,2025-08-21,ST-02,"272,090,000",0,TRUE,Medium,Medium
APP-2025-0416,ORG-030,PT-01,2025-07-18,2025-07-20,2025-08-10,ST-01,"62,680,000",0,FALSE,Medium,Low
APP-2025-0417,ORG-024,PT-02,2025-08-08,2025-08-08,2025-08-28,ST-01,"276,840,000",0,FALSE,Low,Medium
APP-2025-0418,ORG-032,PT-07,2025-02-12,2025-02-14,2025-03-22,ST-01,"49,170,000",1,FALSE,High,Medium
APP-2025-0419,ORG-036,PT-03,2025-08-22,2025-08-25,2025-09-25,ST-01,"45,570,000",0,FALSE,Medium,Low
APP-2025-0420,ORG-033,PT-05,2025-04-07,2025-04-08,2025-04-29,ST-01,"45,340,000",0,TRUE,Medium,Low
APP-2025-0421,ORG-002,PT-03,2025-09-13,2025-09-14,2025-09-29,ST-01,"55,860,000",0,FALSE,Medium,Low
APP-2025-0422,ORG-032,PT-01,2025-08-14,2025-08-19,,ST-03,"73,590,000",0,FALSE,Medium,Low
APP-2025-0423,ORG-029,PT-01,2025-03-01,2025-03-05,,ST-03,"100,410,000",0,TRUE,Medium,Low
APP-2025-0424,ORG-036,PT-04,2025-03-07,2025-03-12,2025-04-11,ST-01,"57,540,000",0,FALSE,Low,Medium
APP-2025-0425,ORG-001,PT-07,2025-06-18,2025-06-19,,ST-05,"67,800,000",2,FALSE,Medium,Medium
APP-2025-0426,ORG-025,PT-03,2025-11-12,2025-11-12,,ST-03,"29,330,000",3,FALSE,Low,Low
APP-2025-0427,ORG-010,PT-03,2025-11-26,2025-11-28,2025-12-23,ST-01,"70,310,000",0,TRUE,Medium,Medium
APP-2025-0428,ORG-015,PT-05,2025-12-23,2025-12-27,2026-02-04,ST-01,"64,190,000",0,FALSE,Medium,Low
APP-2025-0429,ORG-031,PT-04,2025-11-22,2025-11-24,,ST-03,"217,000,000",0,FALSE,Medium,Medium
APP-2025-0430,ORG-006,PT-06,2025-04-18,2025-04-19,2025-05-09,ST-01,"54,270,000",0,FALSE,High,Low
APP-2025-0431,ORG-023,PT-07,2025-07-22,2025-07-23,2025-08-24,ST-01,"21,300,000",0,FALSE,High,Medium
APP-2025-0432,ORG-017,PT-01,2025-01-07,2025-01-08,2025-01-27,ST-01,"63,850,000",0,TRUE,Medium,Low
APP-2025-0433,ORG-009,PT-04,2025-04-28,2025-04-28,2025-05-24,ST-01,"6,830,000",0,FALSE,Medium,Medium
APP-2025-0434,ORG-010,PT-04,2025-11-30,2025-12-01,2025-12-15,ST-01,"49,170,000",1,FALSE,Medium,Medium
APP-2025-0435,ORG-034,PT-03,2025-03-13,2025-03-17,2025-04-25,ST-01,"306,270,000",3,FALSE,Medium,Medium
APP-2025-0436,ORG-036,PT-02,2025-04-19,2025-04-20,2025-05-08,ST-01,"63,490,000",0,FALSE,Medium,Low
APP-2025-0437,ORG-034,PT-01,2025-03-19,2025-03-20,2025-03-30,ST-01,"17,200,000",0,FALSE,Low,Medium
APP-2025-0438,ORG-030,PT-03,2025-08-05,2025-08-06,,ST-03,"33,280,000",0,FALSE,Low,Low
APP-2025-0439,ORG-030,PT-05,2025-01-03,2025-01-03,2025-01-25,ST-01,"296,960,000",0,TRUE,Medium,Medium
APP-2025-0440,ORG-016,PT-07,2025-06-23,2025-06-24,2025-07-25,ST-06,"107,120,000",0,TRUE,Medium,Medium
APP-2025-0441,ORG-017,PT-01,2025-01-08,2025-01-11,2025-02-02,ST-01,"60,910,000",0,TRUE,Medium,Medium
APP-2025-0442,ORG-016,PT-02,2025-12-01,2025-12-02,2026-01-01,ST-01,"408,580,000",0,FALSE,Low,Medium
APP-2025-0443,ORG-009,PT-07,2025-08-11,2025-08-14,,ST-03,"17,360,000",0,FALSE,Medium,Medium
APP-2025-0444,ORG-025,PT-01,2025-07-15,2025-07-15,2025-08-08,ST-01,"105,270,000",0,FALSE,Medium,Medium
APP-2025-0445,ORG-009,PT-02,2025-04-08,2025-04-09,2025-04-29,ST-01,"56,060,000",1,FALSE,Medium,Medium
APP-2025-0446,ORG-017,PT-04,2025-01-14,2025-01-14,2025-02-09,ST-01,"24,700,000",0,FALSE,Medium,Medium
APP-2025-0447,ORG-027,PT-07,2025-10-04,2025-10-05,2025-10-17,ST-01,"101,690,000",0,FALSE,Medium,Medium
APP-2025-0448,ORG-040,PT-04,2025-11-13,2025-11-15,2025-12-13,ST-01,"37,840,000",0,FALSE,Low,Medium
APP-2025-0449,ORG-036,PT-01,2025-11-12,2025-11-15,2025-12-16,ST-01,"72,430,000",0,TRUE,High,Low
APP-2025-0450,ORG-021,PT-05,2025-06-12,2025-06-14,2025-07-05,ST-01,"99,730,000",2,FALSE,Low,Medium
APP-2025-0451,ORG-040,PT-04,2025-06-20,2025-06-21,2025-07-13,ST-01,"58,660,000",0,TRUE,Medium,Medium
APP-2025-0452,ORG-011,PT-02,2025-08-20,2025-08-22,2025-09-18,ST-02,"55,010,000",0,TRUE,Medium,Low
APP-2025-0453,ORG-015,PT-01,2025-10-13,2025-10-15,2025-11-06,ST-01,"356,670,000",0,FALSE,Medium,Medium
APP-2025-0454,ORG-017,PT-04,2025-11-21,2025-11-21,,ST-03,"18,090,000",0,FALSE,Medium,Medium
APP-2025-0455,ORG-028,PT-07,2025-03-01,2025-03-03,,ST-03,"85,070,000",0,FALSE,High,Medium
APP-2025-0456,ORG-004,PT-06,2025-12-16,2025-12-18,2025-12-27,ST-01,"40,070,000",0,FALSE,Medium,Low
APP-2025-0457,ORG-033,PT-03,2025-07-04,2025-07-05,2025-07-24,ST-01,"114,240,000",0,FALSE,Medium,Medium
APP-2025-0458,ORG-006,PT-07,2025-10-27,2025-10-28,2025-11-24,ST-01,"187,300,000",0,FALSE,Low,Medium
APP-2025-0459,ORG-035,PT-01,2025-12-23,2025-12-26,,ST-05,"14,390,000",2,FALSE,Low,Low
APP-2025-0460,ORG-015,PT-01,2025-07-09,2025-07-09,,ST-03,"231,370,000",0,FALSE,Low,Medium
APP-2025-0461,ORG-026,PT-01,2025-03-28,2025-04-01,2025-04-23,ST-01,"25,080,000",0,FALSE,Medium,Low
APP-2025-0462,ORG-038,PT-03,2025-01-21,2025-01-23,2025-02-25,ST-01,"122,760,000",2,FALSE,Medium,Low
APP-2025-0463,ORG-007,PT-07,2025-01-05,2025-01-06,,ST-04,"72,200,000",0,TRUE,Medium,Medium
APP-2025-0464,ORG-032,PT-04,2025-03-09,2025-03-10,2025-03-29,ST-01,"286,360,000",1,TRUE,Medium,Medium
APP-2025-0465,ORG-016,PT-03,2025-07-19,2025-07-21,2025-08-07,ST-01,"57,830,000",0,TRUE,High,Medium
APP-2025-0466,ORG-012,PT-01,2025-12-19,2025-12-20,2025-12-29,ST-01,"120,520,000",0,FALSE,Medium,Low
APP-2025-0467,ORG-011,PT-07,2025-09-19,2025-09-20,2025-10-31,ST-01,"312,660,000",1,FALSE,Low,Medium
APP-2025-0468,ORG-031,PT-04,2025-04-04,2025-04-05,2025-05-06,ST-01,"119,990,000",0,FALSE,High,Medium
APP-2025-0469,ORG-013,PT-02,2025-12-24,2025-12-24,2026-01-24,ST-01,"204,780,000",0,FALSE,Medium,Low
APP-2025-0470,ORG-031,PT-01,2025-12-24,2025-12-25,2026-01-16,ST-01,"535,500,000",0,FALSE,High,Medium
APP-2025-0471,ORG-017,PT-02,2025-08-26,2025-08-27,2025-09-21,ST-01,"20,730,000",1,FALSE,Medium,Low
APP-2025-0472,ORG-021,PT-04,2025-05-13,2025-05-15,2025-06-18,ST-01,"86,270,000",0,FALSE,Low,Medium
APP-2025-0473,ORG-008,PT-01,2025-10-08,2025-10-12,2025-12-17,ST-01,"431,470,000",0,FALSE,Medium,Medium
APP-2025-0474,ORG-003,PT-01,2025-05-27,2025-05-27,2025-06-11,ST-02,"208,740,000",0,TRUE,Medium,Medium
APP-2025-0475,ORG-005,PT-01,2025-09-30,2025-10-02,,ST-04,"55,400,000",1,TRUE,Medium,Low
APP-2025-0476,ORG-036,PT-02,2025-11-16,2025-11-20,2025-12-19,ST-01,"68,950,000",0,FALSE,Medium,Medium
APP-2025-0477,ORG-027,PT-01,2025-11-08,2025-11-08,,ST-04,"14,270,000",0,TRUE,Medium,Low
APP-2025-0478,ORG-032,PT-05,2025-04-21,2025-04-21,2025-05-10,ST-01,"35,310,000",1,FALSE,Medium,Low
APP-2025-0479,ORG-005,PT-04,2025-06-23,2025-06-25,2025-07-24,ST-01,"49,380,000",1,FALSE,Medium,Medium
APP-2025-0480,ORG-037,PT-05,2025-03-23,2025-03-29,,ST-05,"130,450,000",1,FALSE,Medium,Low
APP-2025-0481,ORG-016,PT-07,2025-05-24,2025-05-27,2025-06-25,ST-01,"98,780,000",0,FALSE,Medium,Medium
APP-2025-0482,ORG-009,PT-01,2025-05-28,2025-05-30,2025-06-23,ST-01,"225,210,000",0,FALSE,Medium,Medium
APP-2025-0483,ORG-003,PT-01,2025-01-06,2025-01-06,2025-01-19,ST-01,"111,990,000",0,FALSE,Medium,Medium
APP-2025-0484,ORG-010,PT-05,2025-05-27,2025-05-27,2025-06-13,ST-01,"26,580,000",0,FALSE,Medium,Low
APP-2025-0485,ORG-037,PT-06,2025-02-06,2025-02-13,2025-03-17,ST-02,"38,700,000",1,FALSE,High,Low
APP-2025-0486,ORG-022,PT-04,2025-07-11,2025-07-13,2025-07-25,ST-01,"52,660,000",0,FALSE,High,Medium
APP-2025-0487,ORG-040,PT-01,2025-08-02,2025-08-04,2025-08-25,ST-01,"68,420,000",0,FALSE,Medium,Low
APP-2025-0488,ORG-014,PT-07,2025-03-19,2025-03-22,2025-04-10,ST-01,"26,860,000",0,FALSE,High,Medium
APP-2025-0489,ORG-036,PT-07,2025-08-24,2025-08-27,,ST-03,"41,400,000",0,FALSE,Medium,Medium
APP-2025-0490,ORG-036,PT-01,2025-02-14,2025-02-17,2025-03-16,ST-01,"40,030,000",0,FALSE,Low,Low
APP-2025-0491,ORG-014,PT-01,2025-02-28,2025-03-01,2025-03-17,ST-01,"3,750,000",0,FALSE,Medium,Low
APP-2025-0492,ORG-031,PT-07,2025-06-20,2025-06-22,,ST-03,"64,390,000",0,FALSE,Medium,Medium
APP-2025-0493,ORG-025,PT-02,2025-07-29,2025-07-31,2025-08-26,ST-01,"75,630,000",0,FALSE,Low,Low
APP-2025-0494,ORG-011,PT-03,2025-11-02,2025-11-04,2025-11-24,ST-01,"105,010,000",0,FALSE,Medium,Low
APP-2025-0495,ORG-032,PT-05,2025-09-10,2025-09-10,2025-10-08,ST-01,"60,530,000",1,FALSE,Medium,Low
APP-2025-0496,ORG-001,PT-05,2025-05-24,2025-05-24,2025-06-13,ST-01,"65,640,000",0,FALSE,Low,Low
APP-2025-0497,ORG-039,PT-03,2025-06-02,2025-06-06,2025-06-28,ST-01,"17,980,000",0,FALSE,Medium,Medium
APP-2025-0498,ORG-011,PT-06,2025-06-16,2025-06-18,2025-07-05,ST-01,"82,600,000",0,FALSE,Medium,Low
APP-2025-0499,ORG-020,PT-02,2025-08-31,2025-09-02,2025-09-26,ST-01,"115,910,000",0,FALSE,Medium,Medium
APP-2025-0500,ORG-023,PT-04,2025-03-25,2025-03-26,2025-04-09,ST-02,"128,190,000",0,FALSE,Medium,Medium
APP-2025-0501,ORG-019,PT-03,2025-07-20,2025-07-21,2025-08-12,ST-01,"301,830,000",0,FALSE,Low,Medium
APP-2025-0502,ORG-039,PT-01,2025-11-05,2025-11-06,2025-11-22,ST-01,"148,060,000",0,FALSE,High,Low
APP-2025-0503,ORG-011,PT-01,2025-04-02,2025-04-05,2025-04-29,ST-01,"45,930,000",2,FALSE,Medium,Medium
APP-2025-0504,ORG-010,PT-01,2025-05-09,2025-05-11,,ST-03,"23,800,000",0,FALSE,Medium,Medium
APP-2025-0505,ORG-027,PT-04,2025-09-04,2025-09-05,2025-09-24,ST-02,"86,560,000",0,TRUE,Medium,Medium
APP-2025-0506,ORG-018,PT-05,2025-12-16,2025-12-16,2026-01-05,ST-01,"110,740,000",1,TRUE,High,Low
APP-2025-0507,ORG-019,PT-02,2025-06-23,2025-06-24,2025-07-30,ST-06,"196,990,000",0,TRUE,Medium,Medium
APP-2025-0508,ORG-024,PT-01,2025-09-06,2025-09-07,2025-09-23,ST-01,"176,280,000",0,FALSE,Medium,Low
APP-2025-0509,ORG-013,PT-05,2025-09-10,2025-09-15,2025-09-30,ST-02,"71,390,000",0,FALSE,High,Medium
APP-2025-0510,ORG-001,PT-02,2025-02-23,2025-02-25,,ST-03,"107,940,000",0,FALSE,Medium,Low
APP-2025-0511,ORG-014,PT-04,2025-08-14,2025-08-17,2025-09-20,ST-01,"35,470,000",0,FALSE,Low,Medium
APP-2025-0512,ORG-022,PT-07,2025-05-07,2025-05-07,2025-05-28,ST-01,"66,790,000",0,FALSE,Medium,Medium
APP-2025-0513,ORG-004,PT-01,2025-03-25,2025-03-27,2025-04-20,ST-02,"103,410,000",0,FALSE,Low,Low
APP-2025-0514,ORG-036,PT-06,2025-05-13,2025-05-18,2025-06-06,ST-01,"79,050,000",0,TRUE,Medium,Medium
APP-2025-0515,ORG-024,PT-06,2025-05-29,2025-05-29,2025-06-15,ST-01,"51,570,000",0,FALSE,Medium,Low
APP-2025-0516,ORG-031,PT-05,2025-07-01,2025-07-02,,ST-03,"196,070,000",0,FALSE,Medium,Low
APP-2025-0517,ORG-030,PT-06,2025-09-11,2025-09-14,2025-09-27,ST-01,"128,780,000",0,FALSE,Low,Medium
APP-2025-0518,ORG-004,PT-07,2025-05-24,2025-05-24,2025-06-22,ST-02,"95,430,000",0,FALSE,Low,Medium
APP-2025-0519,ORG-013,PT-02,2025-07-30,2025-07-31,2025-08-16,ST-01,"32,130,000",0,FALSE,Medium,Low
APP-2025-0520,ORG-013,PT-05,2025-06-07,2025-06-10,2025-07-06,ST-01,"72,460,000",0,FALSE,Low,Low
APP-2025-0521,ORG-002,PT-06,2025-03-16,2025-03-18,,ST-03,"147,520,000",0,FALSE,Medium,Low
APP-2025-0522,ORG-009,PT-04,2025-12-22,2025-12-23,2026-01-28,ST-01,"310,890,000",0,FALSE,Medium,Medium
APP-2025-0523,ORG-006,PT-05,2025-09-08,2025-09-09,2025-09-21,ST-01,"272,510,000",0,FALSE,High,Medium
APP-2025-0524,ORG-009,PT-04,2025-03-04,2025-03-05,2025-04-08,ST-01,"12,530,000",1,FALSE,Low,Medium
APP-2025-0525,ORG-036,PT-07,2025-01-15,2025-01-19,2025-03-08,ST-01,"115,010,000",1,TRUE,Medium,Medium
APP-2025-0526,ORG-037,PT-03,2025-08-14,2025-08-14,2025-09-17,ST-02,"92,620,000",0,FALSE,Medium,Low
APP-2025-0527,ORG-026,PT-04,2025-10-09,2025-10-10,2025-12-03,ST-01,"64,540,000",0,FALSE,Low,Medium
APP-2025-0528,ORG-022,PT-05,2025-03-03,2025-03-04,2025-03-17,ST-01,"50,590,000",1,FALSE,Medium,Low
APP-2025-0529,ORG-029,PT-05,2025-02-21,2025-02-23,2025-03-27,ST-01,"94,090,000",0,FALSE,Low,Medium
APP-2025-0530,ORG-002,PT-01,2025-05-19,2025-05-20,,ST-03,"27,750,000",0,FALSE,Low,Medium
APP-2025-0531,ORG-036,PT-07,2025-05-23,2025-05-28,2025-06-15,ST-01,"99,910,000",0,FALSE,Medium,Medium
APP-2025-0532,ORG-031,PT-04,2025-10-08,2025-10-09,2025-11-05,ST-01,"69,740,000",0,FALSE,Low,Medium
APP-2025-0533,ORG-019,PT-05,2025-02-19,2025-02-20,2025-03-28,ST-02,"47,390,000",0,FALSE,Medium,Low
APP-2025-0534,ORG-017,PT-06,2025-09-04,2025-09-06,,ST-05,"96,570,000",3,FALSE,Medium,Low
APP-2025-0535,ORG-007,PT-02,2025-07-05,2025-07-08,2025-08-03,ST-01,"568,200,000",0,FALSE,Medium,Medium
APP-2025-0536,ORG-019,PT-07,2025-06-30,2025-07-01,,ST-04,"79,440,000",0,TRUE,Low,Medium
APP-2025-0537,ORG-009,PT-07,2025-06-19,2025-06-20,2025-08-01,ST-01,"115,660,000",1,TRUE,Medium,Medium
APP-2025-0538,ORG-014,PT-04,2025-07-06,2025-07-07,2025-08-01,ST-01,"169,210,000",0,FALSE,Low,Medium
APP-2025-0539,ORG-025,PT-05,2025-09-12,2025-09-13,2025-09-30,ST-01,"472,680,000",0,FALSE,High,Medium
APP-2025-0540,ORG-009,PT-05,2025-06-23,2025-06-25,,ST-03,"89,900,000",0,FALSE,Medium,Medium
APP-2025-0541,ORG-010,PT-07,2025-04-11,2025-04-13,,ST-03,"60,950,000",0,FALSE,Medium,Medium
APP-2025-0542,ORG-004,PT-04,2025-02-16,2025-02-18,2025-03-01,ST-01,"27,240,000",0,FALSE,Medium,Medium
APP-2025-0543,ORG-024,PT-05,2025-08-20,2025-08-21,2025-09-04,ST-01,"25,570,000",0,FALSE,Low,Low
APP-2025-0544,ORG-005,PT-03,2025-02-20,2025-02-21,,ST-03,"52,080,000",0,FALSE,Low,Medium
APP-2025-0545,ORG-035,PT-01,2025-12-28,2025-12-30,2026-02-07,ST-01,"33,830,000",0,TRUE,Medium,Low
APP-2025-0546,ORG-003,PT-03,2025-01-16,2025-01-17,2025-01-31,ST-01,"29,500,000",0,FALSE,High,Low
APP-2025-0547,ORG-013,PT-01,2025-12-29,2025-12-30,2026-01-19,ST-01,"57,720,000",0,FALSE,Medium,Low
APP-2025-0548,ORG-012,PT-01,2025-12-02,2025-12-02,,ST-03,"81,350,000",0,FALSE,High,Low
APP-2025-0549,ORG-001,PT-07,2025-01-13,2025-01-13,2025-02-07,ST-01,"101,440,000",0,FALSE,Medium,Medium
APP-2025-0550,ORG-017,PT-04,2025-09-29,2025-10-01,,ST-05,"8,320,000",2,FALSE,Medium,Medium
APP-2025-0551,ORG-028,PT-03,2025-10-06,2025-10-09,,ST-03,"45,310,000",0,FALSE,Medium,Low
APP-2025-0552,ORG-011,PT-01,2025-01-14,2025-01-15,2025-02-03,ST-01,"76,290,000",0,FALSE,Low,Medium
APP-2025-0553,ORG-003,PT-02,2025-01-05,2025-01-05,2025-02-08,ST-01,"66,580,000",3,FALSE,Medium,Low
APP-2025-0554,ORG-009,PT-02,2025-04-20,2025-04-21,2025-05-18,ST-01,"93,240,000",0,FALSE,Medium,Low
APP-2025-0555,ORG-032,PT-07,2025-02-04,2025-02-05,2025-02-23,ST-01,"191,310,000",2,FALSE,Medium,Medium
APP-2025-0556,ORG-019,PT-05,2025-08-08,2025-08-09,2025-08-21,ST-01,"64,500,000",0,FALSE,Medium,Low
APP-2025-0557,ORG-031,PT-06,2025-08-26,2025-08-27,2025-09-09,ST-01,"65,810,000",0,FALSE,Medium,Low
APP-2025-0558,ORG-017,PT-02,2025-05-08,2025-05-10,2025-06-08,ST-01,"84,670,000",0,FALSE,Medium,Medium
APP-2025-0559,ORG-038,PT-06,2025-01-31,2025-02-02,2025-04-06,ST-01,"19,750,000",0,FALSE,Medium,Medium
APP-2025-0560,ORG-013,PT-05,2025-04-30,2025-05-03,2025-05-17,ST-01,"28,510,000",0,FALSE,Medium,Low
APP-2025-0561,ORG-004,PT-06,2025-03-04,2025-03-06,2025-03-18,ST-01,"45,450,000",0,FALSE,Medium,Low
APP-2025-0562,ORG-002,PT-02,2025-02-14,2025-02-15,2025-03-02,ST-01,"54,280,000",0,FALSE,Medium,Medium
APP-2025-0563,ORG-023,PT-01,2025-02-16,2025-02-16,2025-03-12,ST-01,"42,110,000",1,FALSE,Medium,Medium
APP-2025-0564,ORG-006,PT-02,2025-03-08,2025-03-08,,ST-03,"79,010,000",0,FALSE,Low,Medium
APP-2025-0565,ORG-011,PT-06,2025-09-03,2025-09-04,,ST-05,"81,690,000",1,FALSE,Low,Low
APP-2025-0566,ORG-028,PT-07,2025-10-22,2025-10-23,,ST-03,"93,610,000",0,FALSE,Medium,Medium
APP-2025-0567,ORG-002,PT-02,2025-04-25,2025-04-27,2025-05-30,ST-01,"41,120,000",1,FALSE,High,Low
APP-2025-0568,ORG-031,PT-02,2025-02-17,2025-02-17,,ST-03,"21,840,000",0,TRUE,High,Low
APP-2025-0569,ORG-022,PT-02,2025-10-13,2025-10-13,2025-10-30,ST-01,"327,220,000",0,FALSE,Medium,Medium
APP-2025-0570,ORG-006,PT-07,2025-12-30,2025-12-31,,ST-03,"99,100,000",0,FALSE,Medium,Medium
APP-2025-0571,ORG-038,PT-06,2025-06-26,2025-07-02,2025-08-10,ST-01,"119,370,000",0,FALSE,High,Low
APP-2025-0572,ORG-025,PT-06,2025-10-01,2025-10-01,2025-10-19,ST-01,"45,280,000",0,FALSE,Medium,Medium
APP-2025-0573,ORG-023,PT-07,2025-02-10,2025-02-13,2025-03-13,ST-01,"43,680,000",2,FALSE,Medium,Medium
APP-2025-0574,ORG-009,PT-02,2025-02-21,2025-02-23,2025-03-12,ST-01,"277,050,000",0,FALSE,High,Medium
APP-2025-0575,ORG-038,PT-01,2025-04-25,2025-04-26,2025-05-25,ST-01,"30,650,000",2,FALSE,High,Low
APP-2025-0576,ORG-036,PT-01,2025-02-10,2025-02-10,2025-03-09,ST-01,"314,120,000",0,TRUE,Medium,Medium
APP-2025-0577,ORG-020,PT-05,2025-11-05,2025-11-07,2025-11-26,ST-01,"55,670,000",0,FALSE,Medium,Medium
APP-2025-0578,ORG-012,PT-05,2025-05-12,2025-05-16,2025-06-10,ST-01,"6,400,000",0,FALSE,Low,Medium
APP-2025-0579,ORG-039,PT-02,2025-08-03,2025-08-04,2025-08-27,ST-01,"172,510,000",0,FALSE,Low,Low
APP-2025-0580,ORG-025,PT-02,2025-09-26,2025-09-29,2025-10-29,ST-01,"15,060,000",0,FALSE,Medium,Low
APP-2025-0581,ORG-015,PT-07,2025-10-05,2025-10-08,2025-11-04,ST-01,"92,530,000",0,FALSE,Low,Medium
APP-2025-0582,ORG-008,PT-01,2025-02-01,2025-02-03,2025-02-22,ST-01,"28,230,000",0,FALSE,High,Low
APP-2025-0583,ORG-012,PT-05,2025-08-04,2025-08-06,2025-08-27,ST-01,"18,850,000",1,TRUE,Medium,Low
APP-2025-0584,ORG-031,PT-07,2025-06-09,2025-06-10,2025-06-29,ST-01,"300,310,000",0,FALSE,Medium,Medium
APP-2025-0585,ORG-016,PT-03,2025-09-30,2025-10-01,2025-10-09,ST-01,"73,010,000",0,FALSE,Medium,Medium
APP-2025-0586,ORG-017,PT-06,2025-10-12,2025-10-15,2025-11-03,ST-01,"31,100,000",0,FALSE,Low,Low
APP-2025-0587,ORG-004,PT-01,2025-02-16,2025-02-18,2025-03-04,ST-01,"283,550,000",0,FALSE,Medium,Medium
APP-2025-0588,ORG-004,PT-01,2025-07-27,2025-07-27,2025-08-22,ST-01,"215,870,000",1,TRUE,Medium,Medium
APP-2025-0589,ORG-036,PT-05,2025-07-23,2025-07-25,2025-08-11,ST-01,"223,600,000",0,FALSE,Medium,Low
APP-2025-0590,ORG-039,PT-05,2025-12-05,2025-12-07,2025-12-28,ST-01,"27,140,000",0,FALSE,High,Low
APP-2025-0591,ORG-033,PT-07,2025-09-26,2025-09-27,2025-10-30,ST-01,"34,900,000",2,FALSE,Medium,Medium
APP-2025-0592,ORG-005,PT-02,2025-08-15,2025-08-17,2025-09-03,ST-01,"32,040,000",0,FALSE,Medium,Low
APP-2025-0593,ORG-026,PT-06,2025-05-22,2025-05-23,2025-06-11,ST-01,"95,130,000",0,FALSE,High,Low
APP-2025-0594,ORG-003,PT-01,2025-04-12,2025-04-12,2025-04-29,ST-01,"18,570,000",0,FALSE,Medium,Low
APP-2025-0595,ORG-004,PT-03,2025-07-18,2025-07-20,2025-07-28,ST-01,"24,230,000",0,FALSE,Medium,Low
APP-2025-0596,ORG-024,PT-07,2025-02-17,2025-02-21,2025-04-11,ST-02,"798,440,000",0,FALSE,Medium,High
APP-2025-0597,ORG-036,PT-04,2025-04-24,2025-04-27,,ST-03,"98,480,000",0,FALSE,High,Medium
APP-2025-0598,ORG-039,PT-04,2025-12-02,2025-12-03,2025-12-28,ST-01,"82,790,000",1,FALSE,High,Medium
APP-2025-0599,ORG-025,PT-06,2025-01-03,2025-01-03,2025-02-28,ST-01,"221,430,000",0,TRUE,Medium,Low
APP-2025-0600,ORG-021,PT-05,2025-09-15,2025-09-18,2025-10-11,ST-01,"43,810,000",0,FALSE,Medium,Low
APP-2025-0601,ORG-038,PT-03,2025-10-01,2025-10-02,,ST-05,"62,470,000",1,FALSE,High,Low
APP-2025-0602,ORG-010,PT-01,2025-05-11,2025-05-13,2025-06-01,ST-01,"441,110,000",0,FALSE,Medium,Medium
APP-2025-0603,ORG-004,PT-02,2025-06-30,2025-06-30,,ST-03,"56,020,000",0,FALSE,Medium,Low
APP-2025-0604,ORG-004,PT-05,2025-08-12,2025-08-13,2025-08-29,ST-06,"56,890,000",0,FALSE,High,Medium
APP-2025-0605,ORG-004,PT-03,2025-01-12,2025-01-12,2025-01-25,ST-01,"30,300,000",0,FALSE,High,Low
APP-2025-0606,ORG-039,PT-03,2025-02-09,2025-02-12,2025-03-09,ST-01,"55,820,000",1,FALSE,Medium,Low
APP-2025-0607,ORG-015,PT-07,2025-01-07,2025-01-08,2025-01-23,ST-01,"201,710,000",0,FALSE,High,Medium
APP-2025-0608,ORG-036,PT-01,2025-05-02,2025-05-05,2025-05-30,ST-01,"95,160,000",1,FALSE,Medium,Low
APP-2025-0609,ORG-020,PT-02,2025-04-09,2025-04-10,2025-05-20,ST-01,"88,620,000",0,FALSE,High,Low
APP-2025-0610,ORG-012,PT-01,2025-09-24,2025-09-25,2025-10-02,ST-01,"49,790,000",0,FALSE,Low,Low
APP-2025-0611,ORG-005,PT-04,2025-11-12,2025-11-13,2025-12-27,ST-01,"32,860,000",0,FALSE,Medium,Medium
APP-2025-0612,ORG-014,PT-07,2025-01-12,2025-01-13,2025-02-13,ST-01,"154,700,000",1,FALSE,Medium,Medium
APP-2025-0613,ORG-019,PT-01,2025-07-16,2025-07-18,2025-07-29,ST-01,"15,690,000",0,FALSE,Medium,Medium
APP-2025-0614,ORG-010,PT-01,2025-06-19,2025-06-20,2025-07-07,ST-01,"95,670,000",0,FALSE,Medium,Low
APP-2025-0615,ORG-036,PT-01,2025-09-02,2025-09-04,2025-10-13,ST-01,"70,350,000",0,TRUE,Medium,Medium
APP-2025-0616,ORG-011,PT-07,2025-07-30,2025-08-01,2025-08-31,ST-01,"135,700,000",0,FALSE,High,Medium
APP-2025-0617,ORG-016,PT-02,2025-06-17,2025-06-20,2025-07-04,ST-01,"119,950,000",0,FALSE,Medium,Low
APP-2025-0618,ORG-004,PT-03,2025-10-01,2025-10-02,,ST-03,"34,210,000",0,FALSE,Medium,Low
APP-2025-0619,ORG-032,PT-02,2025-07-28,2025-07-31,,ST-03,"20,660,000",0,TRUE,Medium,Low
APP-2025-0620,ORG-030,PT-01,2025-07-09,2025-07-09,2025-08-05,ST-01,"68,660,000",0,TRUE,High,Low
APP-2025-0621,ORG-034,PT-05,2025-01-25,2025-01-26,2025-02-11,ST-01,"24,140,000",0,TRUE,High,Medium
APP-2025-0622,ORG-032,PT-01,2025-10-08,2025-10-13,2025-11-11,ST-01,"88,880,000",0,FALSE,Medium,Low
APP-2025-0623,ORG-012,PT-02,2025-06-20,2025-06-22,2025-07-09,ST-01,"37,800,000",0,FALSE,Low,Medium
APP-2025-0624,ORG-017,PT-06,2025-08-16,2025-08-16,2025-09-03,ST-01,"18,050,000",0,FALSE,Low,Low
APP-2025-0625,ORG-009,PT-06,2025-10-25,2025-10-26,,ST-03,"15,360,000",0,FALSE,Medium,Low
APP-2025-0626,ORG-017,PT-01,2025-11-19,2025-11-20,2025-12-08,ST-01,"55,670,000",0,FALSE,Medium,Low
APP-2025-0627,ORG-014,PT-02,2025-03-05,2025-03-08,2025-04-01,ST-01,"185,110,000",0,TRUE,Low,Medium
APP-2025-0628,ORG-032,PT-01,2025-09-26,2025-09-27,2025-10-19,ST-01,"345,480,000",0,TRUE,Medium,Medium
APP-2025-0629,ORG-036,PT-05,2025-05-22,2025-05-25,2025-06-04,ST-01,"18,820,000",0,FALSE,Medium,Medium
APP-2025-0630,ORG-003,PT-04,2025-12-28,2025-12-29,2026-01-11,ST-01,"30,370,000",0,FALSE,Low,Medium
APP-2025-0631,ORG-001,PT-01,2025-01-13,2025-01-14,,ST-03,"14,100,000",0,FALSE,Low,Low
APP-2025-0632,ORG-032,PT-07,2025-01-23,2025-01-23,2025-02-11,ST-01,"33,330,000",0,FALSE,High,Medium
APP-2025-0633,ORG-039,PT-01,2025-07-29,2025-07-30,,ST-03,"65,010,000",0,FALSE,Medium,Low
APP-2025-0634,ORG-006,PT-04,2025-07-18,2025-07-18,2025-08-12,ST-01,"61,130,000",2,FALSE,Medium,Medium
APP-2025-0635,ORG-017,PT-05,2025-08-30,2025-08-30,2025-10-03,ST-02,"6,880,000",0,FALSE,Medium,Medium
APP-2025-0636,ORG-036,PT-01,2025-06-19,2025-06-20,2025-07-10,ST-01,"106,310,000",0,FALSE,Low,Low
APP-2025-0637,ORG-034,PT-04,2025-09-23,2025-09-25,2025-10-23,ST-01,"5,730,000",2,FALSE,Medium,Medium
APP-2025-0638,ORG-017,PT-07,2025-07-08,2025-07-08,2025-07-24,ST-01,"179,320,000",0,FALSE,Low,Medium
APP-2025-0639,ORG-025,PT-07,2025-07-29,2025-07-29,2025-09-16,ST-01,"51,260,000",0,TRUE,Low,Medium
APP-2025-0640,ORG-005,PT-01,2025-04-15,2025-04-16,2025-04-28,ST-01,"13,710,000",0,FALSE,Medium,Low
APP-2025-0641,ORG-027,PT-04,2025-05-08,2025-05-09,2025-06-10,ST-01,"62,030,000",0,FALSE,Low,Medium
APP-2025-0642,ORG-031,PT-05,2025-03-25,2025-03-27,,ST-03,"43,070,000",0,FALSE,Medium,Low
APP-2025-0643,ORG-011,PT-05,2025-09-05,2025-09-06,2025-10-05,ST-01,"8,100,000",0,FALSE,Low,Low
APP-2025-0644,ORG-026,PT-07,2025-11-17,2025-11-19,2025-12-19,ST-01,"37,750,000",0,TRUE,Low,Medium
APP-2025-0645,ORG-003,PT-02,2025-02-08,2025-02-08,2025-02-22,ST-01,"110,950,000",0,FALSE,Medium,Low
APP-2025-0646,ORG-009,PT-06,2025-12-28,2025-12-28,2026-01-08,ST-01,"7,750,000",0,FALSE,High,Low
APP-2025-0647,ORG-006,PT-07,2025-12-13,2025-12-15,2026-01-02,ST-01,"48,130,000",0,FALSE,Low,Medium
APP-2025-0648,ORG-011,PT-05,2025-03-02,2025-03-03,,ST-03,"31,150,000",0,TRUE,Low,Low
APP-2025-0649,ORG-035,PT-02,2025-11-03,2025-11-08,,ST-05,"99,950,000",1,FALSE,Medium,Low
APP-2025-0650,ORG-039,PT-04,2025-07-30,2025-08-01,2025-09-01,ST-01,"36,110,000",1,FALSE,Medium,Medium
APP-2025-0651,ORG-014,PT-02,2025-04-20,2025-04-21,2025-05-04,ST-01,"26,280,000",0,FALSE,High,Low
APP-2025-0652,ORG-038,PT-06,2025-12-06,2025-12-08,2026-01-01,ST-01,"40,440,000",0,FALSE,High,Low
APP-2025-0653,ORG-012,PT-04,2025-02-17,2025-02-18,2025-03-17,ST-01,"73,470,000",1,FALSE,Low,Medium
APP-2025-0654,ORG-001,PT-02,2025-01-22,2025-01-24,2025-02-09,ST-02,"53,400,000",0,TRUE,Low,Medium
APP-2025-0655,ORG-033,PT-01,2025-03-23,2025-03-25,2025-04-08,ST-01,"49,870,000",0,FALSE,Medium,Low
APP-2025-0656,ORG-034,PT-07,2025-04-29,2025-05-02,2025-05-31,ST-01,"443,600,000",2,FALSE,Medium,High
APP-2025-0657,ORG-026,PT-06,2025-03-07,2025-03-09,2025-03-24,ST-01,"682,180,000",0,FALSE,High,Medium
APP-2025-0658,ORG-032,PT-03,2025-10-11,2025-10-16,2025-11-22,ST-01,"80,330,000",2,TRUE,Medium,Low
APP-2025-0659,ORG-009,PT-02,2025-06-14,2025-06-15,2025-06-30,ST-01,"278,970,000",0,FALSE,Low,Medium
APP-2025-0660,ORG-034,PT-05,2025-06-13,2025-06-19,2025-07-14,ST-02,"46,100,000",0,FALSE,High,Low
APP-2025-0661,ORG-009,PT-07,2025-06-08,2025-06-09,2025-06-30,ST-01,"45,730,000",0,FALSE,High,Medium
APP-2025-0662,ORG-002,PT-05,2025-05-16,2025-05-18,2025-06-10,ST-01,"17,440,000",1,FALSE,Low,Medium
APP-2025-0663,ORG-009,PT-07,2025-01-03,2025-01-05,2025-02-10,ST-01,"327,840,000",0,TRUE,High,Medium
APP-2025-0664,ORG-033,PT-01,2025-08-09,2025-08-09,2025-08-26,ST-01,"66,140,000",0,FALSE,Low,Low
APP-2025-0665,ORG-029,PT-02,2025-06-13,2025-06-14,2025-07-05,ST-01,"70,180,000",0,FALSE,High,Low
APP-2025-0666,ORG-029,PT-04,2025-04-27,2025-05-01,2025-06-13,ST-01,"320,140,000",0,FALSE,Medium,Medium
APP-2025-0667,ORG-029,PT-03,2025-03-14,2025-03-15,2025-03-27,ST-01,"358,540,000",0,FALSE,Low,Medium
APP-2025-0668,ORG-010,PT-04,2025-05-23,2025-05-25,2025-06-19,ST-01,"721,550,000",0,TRUE,Medium,High
APP-2025-0669,ORG-033,PT-01,2025-06-12,2025-06-14,2025-07-02,ST-01,"5,720,000",0,FALSE,High,Low
APP-2025-0670,ORG-034,PT-01,2025-11-17,2025-11-18,2026-01-13,ST-01,"35,900,000",0,TRUE,Low,Medium
APP-2025-0671,ORG-006,PT-05,2025-06-22,2025-06-24,,ST-03,"154,040,000",0,FALSE,Medium,Medium
APP-2025-0672,ORG-024,PT-05,2025-11-17,2025-11-19,2025-12-07,ST-02,"40,700,000",0,TRUE,Medium,Low
APP-2025-0673,ORG-002,PT-06,2025-12-30,2025-12-31,,ST-03,"92,570,000",0,FALSE,High,Low
APP-2025-0674,ORG-037,PT-01,2025-06-29,2025-07-01,2025-07-22,ST-01,"55,710,000",0,FALSE,Medium,Low
APP-2025-0675,ORG-004,PT-01,2025-11-18,2025-11-21,2025-12-12,ST-01,"384,860,000",0,FALSE,Medium,Medium
APP-2025-0676,ORG-015,PT-03,2025-06-17,2025-06-17,2025-07-07,ST-01,"41,920,000",0,FALSE,Medium,Low
APP-2025-0677,ORG-020,PT-07,2025-08-07,2025-08-09,,ST-03,"60,920,000",0,FALSE,Medium,Medium
APP-2025-0678,ORG-010,PT-04,2025-11-17,2025-11-18,2025-12-09,ST-01,"62,130,000",0,FALSE,Medium,Medium
APP-2025-0679,ORG-004,PT-04,2025-02-20,2025-02-21,2025-03-10,ST-01,"247,270,000",0,FALSE,Medium,Medium
APP-2025-0680,ORG-011,PT-05,2025-05-10,2025-05-12,2025-05-23,ST-06,"126,450,000",0,FALSE,High,Low
APP-2025-0681,ORG-004,PT-02,2025-05-02,2025-05-04,2025-05-28,ST-01,"54,520,000",0,FALSE,High,Low
APP-2025-0682,ORG-034,PT-02,2025-06-16,2025-06-19,2025-07-16,ST-01,"123,760,000",0,FALSE,High,Low
APP-2025-0683,ORG-026,PT-01,2025-09-30,2025-10-02,2025-10-18,ST-01,"19,800,000",0,FALSE,Low,Low
APP-2025-0684,ORG-036,PT-03,2025-05-08,2025-05-08,2025-06-02,ST-01,"53,060,000",0,FALSE,High,Low
APP-2025-0685,ORG-016,PT-05,2025-07-28,2025-07-29,2025-08-18,ST-02,"42,200,000",2,FALSE,Low,Medium
APP-2025-0686,ORG-039,PT-05,2025-10-24,2025-10-25,2025-11-27,ST-01,"17,960,000",1,FALSE,Medium,Medium
APP-2025-0687,ORG-032,PT-01,2025-10-19,2025-10-21,2025-11-12,ST-01,"21,930,000",0,FALSE,Medium,Low
APP-2025-0688,ORG-030,PT-06,2025-06-30,2025-07-01,,ST-05,"48,470,000",1,FALSE,Low,Low
APP-2025-0689,ORG-022,PT-01,2025-03-15,2025-03-16,2025-03-26,ST-01,"167,260,000",0,FALSE,Low,Low
APP-2025-0690,ORG-036,PT-01,2025-06-05,2025-06-05,2025-06-27,ST-01,"67,860,000",0,FALSE,High,Medium
APP-2025-0691,ORG-036,PT-01,2025-06-15,2025-06-17,2025-07-18,ST-01,"24,350,000",1,FALSE,High,Low
APP-2025-0692,ORG-017,PT-02,2025-02-10,2025-02-12,2025-03-29,ST-01,"50,230,000",0,FALSE,Medium,Low
APP-2025-0693,ORG-014,PT-03,2025-12-18,2025-12-21,,ST-03,"14,530,000",0,FALSE,Medium,Low
APP-2025-0694,ORG-012,PT-03,2025-07-28,2025-07-29,2025-08-15,ST-02,"68,180,000",0,FALSE,Low,Low
APP-2025-0695,ORG-017,PT-01,2025-12-19,2025-12-21,2026-01-18,ST-01,"32,330,000",0,FALSE,High,Low
APP-2025-0696,ORG-005,PT-05,2025-09-15,2025-09-16,2025-10-02,ST-01,"42,850,000",0,FALSE,Medium,Low
APP-2025-0697,ORG-011,PT-03,2025-07-18,2025-07-26,2025-08-18,ST-01,"27,850,000",0,FALSE,High,Low
APP-2025-0698,ORG-030,PT-05,2025-02-24,2025-02-25,2025-03-16,ST-01,"37,350,000",0,FALSE,Medium,Low
APP-2025-0699,ORG-019,PT-01,2025-04-08,2025-04-08,2025-04-22,ST-06,"129,020,000",0,FALSE,Low,Low
APP-2025-0700,ORG-026,PT-01,2025-01-29,2025-01-30,2025-02-21,ST-01,"11,500,000",0,FALSE,Medium,Low
APP-2025-0701,ORG-017,PT-05,2025-04-17,2025-04-19,2025-05-08,ST-01,"22,390,000",0,FALSE,Medium,Medium
APP-2025-0702,ORG-025,PT-01,2025-05-23,2025-05-24,,ST-03,"179,790,000",0,FALSE,Medium,Low
APP-2025-0703,ORG-038,PT-07,2025-01-04,2025-01-05,,ST-03,"146,760,000",0,FALSE,Medium,Medium
APP-2025-0704,ORG-038,PT-04,2025-01-11,2025-01-13,,ST-05,"86,400,000",1,FALSE,Medium,Medium
APP-2025-0705,ORG-018,PT-06,2025-12-17,2025-12-17,2026-02-02,ST-01,"101,570,000",0,TRUE,High,Low
APP-2025-0706,ORG-014,PT-01,2025-07-29,2025-07-30,2025-08-15,ST-01,"48,390,000",1,FALSE,Medium,Low
APP-2025-0707,ORG-032,PT-04,2025-09-12,2025-09-13,2025-09-28,ST-02,"12,690,000",0,FALSE,Medium,Medium
APP-2025-0708,ORG-019,PT-05,2025-08-25,2025-08-26,2025-09-10,ST-01,"197,810,000",0,FALSE,Low,Medium
APP-2025-0709,ORG-020,PT-01,2025-11-05,2025-11-06,2025-11-27,ST-01,"142,430,000",0,FALSE,Medium,Low
APP-2025-0710,ORG-006,PT-04,2025-04-08,2025-04-08,2025-04-22,ST-01,"21,000,000",0,FALSE,Medium,Medium
APP-2025-0711,ORG-006,PT-03,2025-09-02,2025-09-03,2025-10-02,ST-01,"155,730,000",0,FALSE,Medium,Medium
APP-2025-0712,ORG-017,PT-04,2025-09-28,2025-09-29,,ST-05,"85,500,000",1,FALSE,Medium,Medium
APP-2025-0713,ORG-032,PT-06,2025-12-09,2025-12-10,2025-12-20,ST-01,"89,950,000",0,FALSE,Medium,Medium
APP-2025-0714,ORG-001,PT-05,2025-05-01,2025-05-02,2025-05-17,ST-01,"44,660,000",0,FALSE,Medium,Low
APP-2025-0715,ORG-013,PT-01,2025-07-09,2025-07-09,2025-07-22,ST-01,"130,280,000",0,FALSE,Medium,Low
APP-2025-0716,ORG-015,PT-01,2025-11-03,2025-11-04,2025-12-02,ST-01,"80,510,000",0,FALSE,Medium,Low
APP-2025-0717,ORG-011,PT-01,2025-03-27,2025-03-29,2025-04-17,ST-01,"685,290,000",1,FALSE,High,High
APP-2025-0718,ORG-022,PT-06,2025-11-18,2025-11-18,,ST-04,"17,910,000",0,TRUE,Low,Low
APP-2025-0719,ORG-040,PT-05,2025-04-06,2025-04-10,2025-04-29,ST-01,"62,470,000",0,FALSE,Medium,Low
APP-2025-0720,ORG-029,PT-05,2025-02-17,2025-02-18,2025-03-08,ST-01,"156,710,000",0,FALSE,High,Low
APP-2025-0721,ORG-034,PT-01,2025-07-31,2025-08-02,2025-09-09,ST-01,"118,850,000",0,TRUE,Medium,Low
APP-2025-0722,ORG-030,PT-05,2025-07-16,2025-07-18,2025-08-07,ST-01,"235,010,000",0,FALSE,Medium,Medium
APP-2025-0723,ORG-011,PT-07,2025-04-12,2025-04-16,2025-05-22,ST-01,"35,510,000",0,FALSE,Medium,Medium
APP-2025-0724,ORG-028,PT-05,2025-02-19,2025-02-20,2025-03-10,ST-01,"231,770,000",1,FALSE,High,Low
APP-2025-0725,ORG-007,PT-02,2025-05-20,2025-05-21,2025-06-09,ST-01,"29,450,000",0,FALSE,Low,Low
APP-2025-0726,ORG-039,PT-02,2025-05-31,2025-06-03,,ST-03,"176,280,000",0,FALSE,Medium,Low
APP-2025-0727,ORG-032,PT-04,2025-07-13,2025-07-14,2025-08-10,ST-01,"145,190,000",0,FALSE,Medium,Medium
APP-2025-0728,ORG-009,PT-01,2025-10-17,2025-10-19,2025-10-30,ST-01,"73,310,000",0,FALSE,Medium,Medium
APP-2025-0729,ORG-028,PT-05,2025-07-25,2025-07-25,2025-08-09,ST-01,"25,280,000",1,FALSE,Medium,Low
APP-2025-0730,ORG-033,PT-07,2025-10-08,2025-10-10,2025-10-21,ST-01,"169,300,000",2,FALSE,Medium,Medium
APP-2025-0731,ORG-033,PT-04,2025-04-02,2025-04-04,2025-04-28,ST-01,"199,040,000",1,FALSE,High,Medium
APP-2025-0732,ORG-024,PT-01,2025-01-24,2025-01-26,2025-03-14,ST-01,"180,890,000",2,FALSE,Medium,Medium
APP-2025-0733,ORG-004,PT-02,2025-08-18,2025-08-19,2025-09-04,ST-06,"23,450,000",0,FALSE,Medium,Low
APP-2025-0734,ORG-001,PT-02,2025-01-31,2025-02-02,,ST-04,"131,530,000",0,TRUE,Medium,Medium
APP-2025-0735,ORG-014,PT-07,2025-12-25,2025-12-28,2026-01-15,ST-01,"30,200,000",0,FALSE,Medium,Medium
APP-2025-0736,ORG-001,PT-01,2025-05-28,2025-05-28,2025-06-11,ST-06,"118,980,000",0,FALSE,Medium,Low
APP-2025-0737,ORG-037,PT-01,2025-05-08,2025-05-10,2025-06-01,ST-01,"109,430,000",0,TRUE,Medium,Low
APP-2025-0738,ORG-024,PT-07,2025-02-14,2025-02-17,2025-04-05,ST-01,"40,720,000",0,FALSE,Medium,Medium
APP-2025-0739,ORG-014,PT-07,2025-03-07,2025-03-09,2025-04-11,ST-01,"56,450,000",0,FALSE,Medium,Medium
APP-2025-0740,ORG-032,PT-06,2025-08-29,2025-08-31,2025-09-18,ST-01,"138,510,000",1,FALSE,High,Medium
APP-2025-0741,ORG-017,PT-05,2025-11-20,2025-11-21,2026-01-03,ST-01,"46,070,000",0,FALSE,Low,Low
APP-2025-0742,ORG-001,PT-03,2025-01-29,2025-01-31,,ST-03,"490,310,000",0,FALSE,Low,Medium
APP-2025-0743,ORG-029,PT-06,2025-11-19,2025-11-21,,ST-03,"254,850,000",1,FALSE,Medium,Medium
APP-2025-0744,ORG-037,PT-05,2025-06-05,2025-06-06,,ST-03,"57,190,000",0,FALSE,Medium,Low
APP-2025-0745,ORG-032,PT-03,2025-04-22,2025-04-23,2025-05-21,ST-01,"144,420,000",1,FALSE,Medium,Low
APP-2025-0746,ORG-010,PT-01,2025-07-18,2025-07-19,2025-08-01,ST-01,"40,130,000",0,FALSE,Low,Low
APP-2025-0747,ORG-019,PT-05,2025-05-25,2025-05-27,2025-06-13,ST-01,"94,100,000",0,TRUE,Medium,Medium
APP-2025-0748,ORG-007,PT-01,2025-09-23,2025-09-24,2025-10-07,ST-01,"83,390,000",0,FALSE,Medium,Medium
APP-2025-0749,ORG-001,PT-05,2025-07-24,2025-07-26,2025-08-09,ST-01,"7,580,000",1,FALSE,Medium,Medium
APP-2025-0750,ORG-010,PT-05,2025-01-23,2025-01-24,2025-01-30,ST-01,"71,120,000",0,FALSE,Low,Low
APP-2025-0751,ORG-028,PT-01,2025-03-11,2025-03-13,2025-03-30,ST-01,"39,680,000",1,FALSE,Medium,Low
APP-2025-0752,ORG-018,PT-04,2025-03-18,2025-03-19,,ST-03,"88,450,000",0,FALSE,Low,Medium
APP-2025-0753,ORG-025,PT-01,2025-06-25,2025-06-25,2025-07-13,ST-01,"44,290,000",0,TRUE,Medium,Medium
APP-2025-0754,ORG-015,PT-05,2025-05-03,2025-05-05,2025-06-28,ST-01,"50,940,000",2,FALSE,Medium,Low
APP-2025-0755,ORG-010,PT-02,2025-02-07,2025-02-07,2025-03-12,ST-01,"63,270,000",0,FALSE,Medium,Low
APP-2025-0756,ORG-027,PT-05,2025-05-07,2025-05-08,2025-05-25,ST-01,"22,360,000",0,FALSE,Medium,Low
APP-2025-0757,ORG-003,PT-05,2025-01-10,2025-01-10,2025-03-15,ST-01,"72,020,000",2,TRUE,Medium,Medium
APP-2025-0758,ORG-005,PT-03,2025-11-24,2025-11-25,,ST-03,"50,350,000",1,FALSE,Medium,Medium
APP-2025-0759,ORG-026,PT-07,2025-06-10,2025-06-11,,ST-03,"52,250,000",2,FALSE,Low,Medium
APP-2025-0760,ORG-006,PT-02,2025-03-06,2025-03-07,2025-03-23,ST-06,"33,010,000",0,FALSE,Medium,Low
APP-2025-0761,ORG-026,PT-01,2025-06-11,2025-06-14,2025-06-27,ST-01,"186,730,000",0,FALSE,High,Low
APP-2025-0762,ORG-032,PT-01,2025-02-15,2025-02-16,2025-03-04,ST-01,"37,700,000",0,FALSE,Medium,Low
APP-2025-0763,ORG-011,PT-01,2025-08-23,2025-08-25,2025-09-16,ST-01,"182,980,000",0,TRUE,Medium,Low
APP-2025-0764,ORG-013,PT-06,2025-06-14,2025-06-15,2025-07-04,ST-01,"50,420,000",0,FALSE,Medium,Low
APP-2025-0765,ORG-006,PT-07,2025-07-06,2025-07-10,2025-08-02,ST-01,"42,430,000",0,FALSE,Low,Medium
APP-2025-0766,ORG-011,PT-04,2025-10-13,2025-10-13,2025-11-02,ST-02,"159,860,000",0,FALSE,Medium,Medium
APP-2025-0767,ORG-011,PT-02,2025-10-01,2025-10-03,2025-10-23,ST-01,"260,260,000",0,FALSE,Medium,Medium
APP-2025-0768,ORG-014,PT-01,2025-08-09,2025-08-10,2025-09-16,ST-02,"17,260,000",1,FALSE,Medium,Low
APP-2025-0769,ORG-025,PT-04,2025-10-15,2025-10-16,2025-11-14,ST-01,"45,510,000",0,FALSE,Medium,Medium
APP-2025-0770,ORG-008,PT-05,2025-08-25,2025-08-29,2025-09-10,ST-01,"84,540,000",0,FALSE,Medium,Medium
APP-2025-0771,ORG-010,PT-01,2025-03-31,2025-03-31,2025-04-25,ST-01,"50,530,000",2,FALSE,Low,Low
APP-2025-0772,ORG-013,PT-05,2025-08-03,2025-08-04,,ST-04,"62,740,000",1,TRUE,Medium,Low
APP-2025-0773,ORG-034,PT-02,2025-03-22,2025-03-23,2025-04-19,ST-01,"22,460,000",0,FALSE,High,Low
APP-2025-0774,ORG-036,PT-07,2025-07-21,2025-07-22,2025-08-15,ST-01,"107,970,000",0,FALSE,Medium,Medium
APP-2025-0775,ORG-018,PT-05,2025-01-09,2025-01-10,2025-02-17,ST-01,"25,750,000",2,FALSE,Medium,Medium
APP-2025-0776,ORG-029,PT-06,2025-10-12,2025-10-14,2025-10-26,ST-01,"57,490,000",0,FALSE,Medium,Low
APP-2025-0777,ORG-032,PT-07,2025-06-11,2025-06-12,2025-07-04,ST-01,"53,760,000",0,FALSE,Low,Medium
APP-2025-0778,ORG-035,PT-01,2025-08-10,2025-08-11,2025-09-04,ST-01,"30,180,000",1,FALSE,Low,Medium
APP-2025-0779,ORG-038,PT-06,2025-04-21,2025-04-23,2025-05-06,ST-01,"113,310,000",0,FALSE,High,Low
APP-2025-0780,ORG-002,PT-04,2025-01-24,2025-01-24,2025-02-08,ST-01,"94,600,000",0,FALSE,High,Medium
APP-2025-0781,ORG-034,PT-02,2025-08-02,2025-08-05,2025-10-12,ST-01,"45,100,000",1,FALSE,Medium,Medium
APP-2025-0782,ORG-038,PT-05,2025-02-20,2025-02-24,2025-03-18,ST-01,"63,590,000",0,FALSE,Low,Low
APP-2025-0783,ORG-022,PT-04,2025-07-02,2025-07-03,2025-07-18,ST-01,"144,630,000",0,FALSE,Medium,Medium
APP-2025-0784,ORG-006,PT-01,2025-06-22,2025-06-23,,ST-03,"147,500,000",0,FALSE,High,Medium
APP-2025-0785,ORG-009,PT-02,2025-02-27,2025-02-28,2025-03-17,ST-01,"86,550,000",0,FALSE,Medium,Low
APP-2025-0786,ORG-015,PT-01,2025-06-01,2025-06-01,2025-06-18,ST-01,"39,080,000",0,FALSE,Medium,Low
APP-2025-0787,ORG-009,PT-03,2025-06-01,2025-06-01,2025-06-22,ST-01,"138,510,000",0,TRUE,Low,Medium
APP-2025-0788,ORG-032,PT-03,2025-08-16,2025-08-17,2025-08-31,ST-02,"173,460,000",0,FALSE,Medium,Low
APP-2025-0789,ORG-008,PT-05,2025-03-05,2025-03-08,,ST-03,"16,170,000",0,FALSE,Medium,Low
APP-2025-0790,ORG-019,PT-05,2025-07-24,2025-07-24,2025-08-15,ST-01,"24,510,000",0,FALSE,Medium,Low
APP-2025-0791,ORG-038,PT-01,2025-07-03,2025-07-05,2025-07-29,ST-01,"13,480,000",0,FALSE,High,Medium
APP-2025-0792,ORG-036,PT-04,2025-05-11,2025-05-12,,ST-03,"64,310,000",0,FALSE,Low,Medium
APP-2025-0793,ORG-011,PT-03,2025-06-23,2025-06-24,2025-07-17,ST-01,"295,200,000",0,FALSE,Medium,Medium
APP-2025-0794,ORG-019,PT-02,2025-07-27,2025-07-27,2025-09-09,ST-01,"164,920,000",3,FALSE,Medium,Medium
APP-2025-0795,ORG-019,PT-01,2025-06-29,2025-06-30,2025-07-12,ST-01,"24,030,000",0,FALSE,High,Medium
APP-2025-0796,ORG-035,PT-05,2025-04-05,2025-04-10,2025-04-25,ST-01,"51,920,000",0,FALSE,Low,Low
APP-2025-0797,ORG-016,PT-04,2025-10-11,2025-10-13,2025-10-31,ST-01,"45,190,000",1,FALSE,Medium,Medium
APP-2025-0798,ORG-009,PT-02,2025-03-26,2025-03-27,2025-04-12,ST-01,"72,160,000",0,FALSE,Medium,Low
APP-2025-0799,ORG-032,PT-03,2025-02-16,2025-02-20,,ST-03,"8,840,000",0,FALSE,Medium,Low
APP-2025-0800,ORG-003,PT-01,2025-10-24,2025-10-25,2025-11-03,ST-06,"56,600,000",0,FALSE,High,Low
APP-2025-0801,ORG-025,PT-05,2025-06-27,2025-06-28,2025-07-20,ST-06,"86,330,000",0,FALSE,Medium,Low
APP-2025-0802,ORG-013,PT-06,2025-04-25,2025-04-26,2025-05-08,ST-06,"32,820,000",0,FALSE,Medium,Medium
APP-2025-0803,ORG-005,PT-05,2025-02-12,2025-02-13,2025-02-25,ST-01,"237,030,000",0,FALSE,Medium,Low
APP-2025-0804,ORG-032,PT-01,2025-06-07,2025-06-09,2025-06-24,ST-01,"20,940,000",0,FALSE,Medium,Medium
APP-2025-0805,ORG-009,PT-07,2025-12-16,2025-12-16,2026-01-15,ST-01,"299,070,000",0,FALSE,Medium,Medium
APP-2025-0806,ORG-017,PT-03,2025-12-30,2025-12-31,2026-01-22,ST-01,"782,890,000",0,FALSE,High,Medium
APP-2025-0807,ORG-015,PT-07,2025-01-09,2025-01-10,2025-01-27,ST-01,"11,220,000",0,FALSE,Low,Medium
APP-2025-0808,ORG-013,PT-04,2025-06-03,2025-06-04,,ST-03,"30,460,000",0,FALSE,Low,Medium
APP-2025-0809,ORG-017,PT-02,2025-12-31,2026-01-02,2026-01-14,ST-02,"473,300,000",0,FALSE,Medium,Medium
APP-2025-0810,ORG-017,PT-03,2025-01-30,2025-01-31,,ST-03,"10,480,000",0,FALSE,High,Low
APP-2025-0811,ORG-001,PT-01,2025-09-22,2025-09-22,2025-10-06,ST-01,"25,630,000",0,FALSE,High,Low
APP-2025-0812,ORG-009,PT-02,2025-01-24,2025-01-27,2025-02-18,ST-01,"69,880,000",0,FALSE,Medium,Low
APP-2025-0813,ORG-021,PT-05,2025-10-18,2025-10-20,2025-11-15,ST-01,"27,020,000",0,FALSE,Medium,Low
APP-2025-0814,ORG-006,PT-07,2025-08-06,2025-08-08,2025-09-01,ST-01,"114,310,000",0,TRUE,Medium,Medium
APP-2025-0815,ORG-037,PT-04,2025-07-26,2025-07-31,2025-10-02,ST-01,"137,890,000",0,FALSE,Medium,Medium
APP-2025-0816,ORG-009,PT-07,2025-12-10,2025-12-11,2025-12-26,ST-01,"64,390,000",0,TRUE,Medium,Medium
APP-2025-0817,ORG-004,PT-04,2025-06-28,2025-06-28,2025-07-20,ST-01,"33,260,000",1,TRUE,Medium,Medium
APP-2025-0818,ORG-009,PT-03,2025-09-28,2025-09-29,2025-10-20,ST-01,"34,910,000",0,FALSE,Low,Medium
APP-2025-0819,ORG-035,PT-04,2025-03-30,2025-03-31,2025-04-26,ST-01,"106,330,000",0,FALSE,Medium,Medium
APP-2025-0820,ORG-004,PT-04,2025-09-16,2025-09-17,2025-10-07,ST-01,"61,890,000",1,FALSE,Medium,Medium
APP-2025-0821,ORG-036,PT-05,2025-04-11,2025-04-13,,ST-03,"85,960,000",0,FALSE,Medium,Low
APP-2025-0822,ORG-031,PT-05,2025-11-13,2025-11-14,2025-12-27,ST-01,"24,440,000",2,FALSE,Medium,Low
APP-2025-0823,ORG-025,PT-05,2025-06-01,2025-06-03,2025-06-24,ST-01,"256,310,000",0,FALSE,Medium,Medium
APP-2025-0824,ORG-003,PT-04,2025-11-23,2025-11-24,,ST-04,"66,710,000",0,TRUE,High,Medium
APP-2025-0825,ORG-028,PT-01,2025-06-12,2025-06-13,2025-07-09,ST-01,"57,880,000",0,FALSE,Medium,Low
APP-2025-0826,ORG-022,PT-07,2025-02-23,2025-02-25,2025-03-12,ST-01,"29,720,000",0,FALSE,Medium,Medium
APP-2025-0827,ORG-031,PT-01,2025-02-28,2025-03-03,2025-03-13,ST-01,"16,980,000",0,TRUE,Medium,Low
APP-2025-0828,ORG-009,PT-04,2025-08-28,2025-08-30,2025-09-18,ST-01,"212,620,000",1,FALSE,Medium,Medium
APP-2025-0829,ORG-014,PT-01,2025-01-09,2025-01-10,2025-02-07,ST-01,"156,070,000",0,FALSE,High,Medium
APP-2025-0830,ORG-001,PT-06,2025-04-08,2025-04-08,2025-04-25,ST-01,"64,920,000",0,TRUE,Medium,Medium
APP-2025-0831,ORG-031,PT-05,2025-02-27,2025-03-03,2025-04-01,ST-02,"38,600,000",0,TRUE,Medium,Low
APP-2025-0832,ORG-001,PT-07,2025-09-16,2025-09-18,2025-10-20,ST-01,"23,410,000",2,TRUE,Medium,Medium
APP-2025-0833,ORG-036,PT-03,2025-02-14,2025-02-17,2025-03-24,ST-01,"25,110,000",0,FALSE,Low,Medium
APP-2025-0834,ORG-033,PT-04,2025-04-05,2025-04-05,2025-04-28,ST-02,"35,330,000",0,FALSE,Medium,Medium
APP-2025-0835,ORG-019,PT-01,2025-08-28,2025-08-29,2025-09-13,ST-01,"85,900,000",0,TRUE,Medium,Low
APP-2025-0836,ORG-005,PT-01,2025-05-29,2025-05-29,2025-06-16,ST-01,"95,530,000",0,FALSE,Medium,Low
APP-2025-0837,ORG-005,PT-04,2025-08-04,2025-08-05,2025-08-24,ST-02,"87,020,000",0,FALSE,Low,Medium
APP-2025-0838,ORG-006,PT-04,2025-10-07,2025-10-07,,ST-03,"59,340,000",0,FALSE,Medium,Medium
APP-2025-0839,ORG-016,PT-02,2025-08-12,2025-08-13,2025-09-13,ST-06,"151,630,000",0,FALSE,Medium,Medium
APP-2025-0840,ORG-005,PT-01,2025-06-30,2025-07-02,,ST-03,"89,980,000",0,FALSE,Medium,Low
APP-2025-0841,ORG-021,PT-01,2025-09-13,2025-09-15,2025-10-04,ST-01,"163,970,000",0,TRUE,Medium,Low
APP-2025-0842,ORG-017,PT-02,2025-04-21,2025-04-22,,ST-05,"193,110,000",0,TRUE,Medium,Low
APP-2025-0843,ORG-002,PT-02,2025-11-06,2025-11-07,2025-11-29,ST-01,"54,380,000",0,FALSE,Medium,Medium
APP-2025-0844,ORG-036,PT-03,2025-06-20,2025-06-20,2025-07-01,ST-01,"47,810,000",0,FALSE,High,Low
APP-2025-0845,ORG-014,PT-04,2025-04-09,2025-04-11,2025-04-28,ST-01,"70,930,000",0,FALSE,Medium,Medium
APP-2025-0846,ORG-028,PT-01,2025-06-21,2025-06-22,2025-07-10,ST-01,"80,970,000",0,TRUE,High,Low
APP-2025-0847,ORG-034,PT-01,2025-01-28,2025-01-30,,ST-03,"12,810,000",0,FALSE,Medium,Low
APP-2025-0848,ORG-036,PT-05,2025-07-18,2025-07-22,2025-08-27,ST-01,"114,650,000",0,FALSE,High,Low
APP-2025-0849,ORG-004,PT-01,2025-01-14,2025-01-17,2025-02-08,ST-01,"50,510,000",0,TRUE,Low,Low
APP-2025-0850,ORG-037,PT-03,2025-04-09,2025-04-11,2025-05-03,ST-01,"145,940,000",0,FALSE,Medium,Medium
APP-2025-0851,ORG-014,PT-03,2025-03-27,2025-03-28,2025-04-14,ST-01,"167,650,000",0,FALSE,Medium,Low
APP-2025-0852,ORG-020,PT-06,2025-09-05,2025-09-08,2025-09-21,ST-01,"285,750,000",0,FALSE,Low,Medium
APP-2025-0853,ORG-038,PT-06,2025-09-10,2025-09-14,,ST-05,"65,380,000",0,TRUE,Medium,Low
APP-2025-0854,ORG-006,PT-02,2025-10-27,2025-10-28,,ST-03,"30,100,000",0,FALSE,Medium,Low
APP-2025-0855,ORG-019,PT-05,2025-01-15,2025-01-16,2025-01-26,ST-01,"78,590,000",0,FALSE,Medium,Medium
APP-2025-0856,ORG-025,PT-01,2025-11-02,2025-11-02,2025-11-18,ST-01,"56,240,000",1,TRUE,Medium,Low
APP-2025-0857,ORG-022,PT-01,2025-11-19,2025-11-20,,ST-03,"18,540,000",0,FALSE,Low,Low
APP-2025-0858,ORG-025,PT-05,2025-09-04,2025-09-04,,ST-03,"104,610,000",0,FALSE,Medium,Low
APP-2025-0859,ORG-017,PT-05,2025-04-02,2025-04-03,2025-04-20,ST-01,"41,630,000",0,FALSE,Medium,Medium
APP-2025-0860,ORG-016,PT-05,2025-04-25,2025-04-26,,ST-05,"56,210,000",1,FALSE,Medium,Low
APP-2025-0861,ORG-002,PT-01,2025-06-21,2025-06-23,2025-07-19,ST-01,"165,990,000",1,FALSE,Low,Low
APP-2025-0862,ORG-010,PT-05,2025-06-13,2025-06-14,2025-06-29,ST-01,"14,000,000",0,FALSE,Medium,Low
APP-2025-0863,ORG-003,PT-01,2025-05-21,2025-05-22,2025-06-06,ST-02,"35,830,000",0,FALSE,Medium,Low
APP-2025-0864,ORG-024,PT-07,2025-01-17,2025-01-17,2025-02-17,ST-01,"66,740,000",0,TRUE,Low,Medium
APP-2025-0865,ORG-034,PT-01,2025-07-23,2025-07-28,2025-08-23,ST-01,"88,050,000",0,FALSE,High,Medium
APP-2025-0866,ORG-014,PT-01,2025-07-22,2025-07-24,2025-08-06,ST-01,"71,660,000",0,FALSE,Medium,Low
APP-2025-0867,ORG-006,PT-03,2025-03-02,2025-03-05,2025-04-03,ST-01,"25,960,000",2,TRUE,Low,Medium
APP-2025-0868,ORG-032,PT-01,2025-03-15,2025-03-16,2025-03-27,ST-01,"77,010,000",0,FALSE,Medium,Low
APP-2025-0869,ORG-029,PT-02,2025-05-26,2025-05-28,2025-06-20,ST-01,"37,910,000",0,FALSE,Low,Low
APP-2025-0870,ORG-017,PT-03,2025-09-04,2025-09-05,2025-09-30,ST-01,"58,880,000",0,TRUE,Medium,Medium
APP-2025-0871,ORG-034,PT-07,2025-09-02,2025-09-05,2025-10-13,ST-01,"73,430,000",0,TRUE,Medium,Medium
APP-2025-0872,ORG-012,PT-01,2025-02-06,2025-02-07,,ST-03,"56,700,000",0,FALSE,Medium,Low
APP-2025-0873,ORG-014,PT-02,2025-05-24,2025-05-25,2025-06-23,ST-02,"697,520,000",2,FALSE,Medium,High
APP-2025-0874,ORG-011,PT-02,2025-08-04,2025-08-06,2025-09-21,ST-01,"77,480,000",0,FALSE,Medium,Medium
APP-2025-0875,ORG-013,PT-01,2025-05-24,2025-05-24,2025-06-10,ST-01,"16,630,000",0,FALSE,High,Medium
APP-2025-0876,ORG-010,PT-04,2025-06-17,2025-06-18,2025-07-16,ST-01,"19,950,000",0,FALSE,Medium,Medium
APP-2025-0877,ORG-021,PT-03,2025-06-21,2025-06-23,2025-07-15,ST-01,"96,660,000",0,FALSE,Medium,Low
APP-2025-0878,ORG-011,PT-01,2025-06-24,2025-06-24,2025-07-16,ST-01,"80,260,000",0,FALSE,Low,Low
APP-2025-0879,ORG-007,PT-01,2025-06-02,2025-06-04,2025-06-24,ST-01,"114,050,000",0,FALSE,Medium,Low
APP-2025-0880,ORG-032,PT-02,2025-01-06,2025-01-07,2025-02-07,ST-01,"51,050,000",0,FALSE,Medium,Medium
APP-2025-0881,ORG-016,PT-05,2025-05-06,2025-05-07,2025-05-29,ST-01,"89,900,000",3,FALSE,Medium,Low
APP-2025-0882,ORG-019,PT-03,2025-05-07,2025-05-09,,ST-05,"27,690,000",1,FALSE,Medium,Medium
APP-2025-0883,ORG-006,PT-05,2025-06-16,2025-06-20,2025-07-21,ST-01,"16,710,000",3,FALSE,Medium,Low
APP-2025-0884,ORG-037,PT-03,2025-11-30,2025-12-02,2026-01-26,ST-01,"80,980,000",0,FALSE,High,Low
APP-2025-0885,ORG-008,PT-05,2025-09-04,2025-09-05,2025-09-29,ST-01,"25,570,000",0,FALSE,Medium,Medium
APP-2025-0886,ORG-036,PT-02,2025-06-02,2025-06-03,2025-07-04,ST-01,"40,850,000",1,FALSE,Low,Low
APP-2025-0887,ORG-006,PT-06,2025-05-06,2025-05-08,,ST-05,"88,680,000",1,FALSE,Medium,Low
APP-2025-0888,ORG-022,PT-06,2025-04-04,2025-04-07,2025-04-25,ST-01,"48,990,000",1,FALSE,Medium,Medium
APP-2025-0889,ORG-011,PT-01,2025-06-05,2025-06-06,2025-06-15,ST-01,"89,250,000",0,FALSE,Low,Medium
APP-2025-0890,ORG-024,PT-02,2025-06-23,2025-06-23,2025-07-23,ST-01,"16,950,000",1,FALSE,Medium,Low
APP-2025-0891,ORG-002,PT-02,2025-02-24,2025-02-24,2025-04-05,ST-01,"105,480,000",0,FALSE,Medium,Medium
APP-2025-0892,ORG-003,PT-01,2025-11-18,2025-11-18,,ST-03,"96,510,000",0,FALSE,Medium,Low
APP-2025-0893,ORG-028,PT-01,2025-05-14,2025-05-15,2025-05-30,ST-01,"42,110,000",0,FALSE,Medium,Low
APP-2025-0894,ORG-034,PT-03,2025-02-09,2025-02-12,2025-03-10,ST-01,"36,730,000",0,FALSE,Medium,Low
APP-2025-0895,ORG-019,PT-04,2025-03-25,2025-03-25,2025-04-16,ST-01,"161,830,000",0,TRUE,Medium,Medium
APP-2025-0896,ORG-017,PT-03,2025-10-29,2025-10-30,2025-11-11,ST-01,"147,210,000",0,FALSE,Medium,Low
APP-2025-0897,ORG-026,PT-05,2025-05-01,2025-05-01,2025-05-24,ST-01,"36,080,000",0,FALSE,High,Low
APP-2025-0898,ORG-016,PT-05,2025-03-17,2025-03-17,2025-04-18,ST-01,"70,630,000",1,FALSE,Low,Low
APP-2025-0899,ORG-001,PT-02,2025-06-11,2025-06-12,2025-06-28,ST-01,"46,470,000",1,TRUE,Medium,Low
APP-2025-0900,ORG-002,PT-01,2025-02-05,2025-02-05,2025-02-26,ST-01,"17,180,000",3,TRUE,Medium,Low
APP-2025-0901,ORG-036,PT-02,2025-03-25,2025-03-30,2025-05-06,ST-01,"32,630,000",0,FALSE,Low,Medium
APP-2025-0902,ORG-008,PT-04,2025-09-08,2025-09-10,2025-10-06,ST-01,"110,960,000",0,FALSE,Low,Medium
APP-2025-0903,ORG-016,PT-03,2025-10-09,2025-10-12,2025-10-31,ST-01,"19,520,000",0,FALSE,Medium,Low
APP-2025-0904,ORG-008,PT-05,2025-11-12,2025-11-13,2025-12-11,ST-01,"55,670,000",0,FALSE,Low,Low
APP-2025-0905,ORG-022,PT-05,2025-03-05,2025-03-06,,ST-04,"127,400,000",0,TRUE,Medium,Low
APP-2025-0906,ORG-018,PT-02,2025-05-15,2025-05-17,2025-06-22,ST-01,"357,450,000",0,FALSE,Medium,Medium
APP-2025-0907,ORG-019,PT-01,2025-02-02,2025-02-02,,ST-03,"96,900,000",0,FALSE,High,Medium
APP-2025-0908,ORG-018,PT-03,2025-10-03,2025-10-04,2025-10-29,ST-01,"56,700,000",0,FALSE,High,Low
APP-2025-0909,ORG-025,PT-01,2025-10-18,2025-10-19,2025-11-08,ST-01,"58,190,000",1,FALSE,Medium,Low
APP-2025-0910,ORG-024,PT-01,2025-08-29,2025-08-31,,ST-04,"32,580,000",0,TRUE,Medium,Medium
APP-2025-0911,ORG-005,PT-02,2025-05-02,2025-05-04,2025-05-18,ST-01,"560,620,000",0,FALSE,High,Medium
APP-2025-0912,ORG-029,PT-01,2025-09-07,2025-09-07,2025-09-21,ST-01,"11,730,000",1,FALSE,Medium,Low
APP-2025-0913,ORG-034,PT-07,2025-05-26,2025-05-28,2025-06-27,ST-01,"185,690,000",0,FALSE,Medium,Medium
APP-2025-0914,ORG-006,PT-01,2025-03-16,2025-03-18,2025-03-31,ST-01,"4,640,000",0,FALSE,Low,Low
APP-2025-0915,ORG-018,PT-02,2025-06-20,2025-06-21,2025-07-03,ST-01,"19,370,000",0,FALSE,Medium,Medium
APP-2025-0916,ORG-004,PT-05,2025-05-09,2025-05-10,2025-05-30,ST-01,"63,800,000",0,FALSE,Medium,Medium
APP-2025-0917,ORG-018,PT-03,2025-03-15,2025-03-17,,ST-03,"109,140,000",0,FALSE,Medium,Low
APP-2025-0918,ORG-032,PT-05,2025-06-06,2025-06-07,2025-06-25,ST-01,"69,060,000",1,FALSE,Medium,Low
APP-2025-0919,ORG-011,PT-01,2025-06-11,2025-06-12,2025-06-29,ST-02,"23,700,000",0,FALSE,Medium,Medium
APP-2025-0920,ORG-024,PT-03,2025-03-27,2025-03-28,2025-04-16,ST-02,"21,430,000",0,FALSE,High,Low
APP-2025-0921,ORG-005,PT-05,2025-06-17,2025-06-17,2025-06-27,ST-01,"1,029,200,000",0,FALSE,High,Medium
APP-2025-0922,ORG-037,PT-01,2025-10-28,2025-10-29,2025-12-21,ST-01,"652,880,000",0,FALSE,High,Medium
APP-2025-0923,ORG-003,PT-03,2025-03-19,2025-03-20,2025-04-08,ST-01,"18,460,000",1,TRUE,Medium,Medium
APP-2025-0924,ORG-008,PT-05,2025-10-07,2025-10-08,2025-11-08,ST-01,"27,740,000",0,TRUE,Low,Low
APP-2025-0925,ORG-025,PT-04,2025-11-11,2025-11-11,2025-11-26,ST-01,"344,510,000",0,TRUE,High,High
APP-2025-0926,ORG-024,PT-07,2025-11-17,2025-11-19,2025-12-22,ST-01,"19,010,000",0,TRUE,Medium,Medium
APP-2025-0927,ORG-019,PT-01,2025-01-23,2025-01-24,2025-02-10,ST-01,"129,990,000",0,TRUE,Medium,Low
APP-2025-0928,ORG-036,PT-01,2025-08-27,2025-08-28,,ST-03,"139,920,000",0,FALSE,Medium,Low
APP-2025-0929,ORG-022,PT-01,2025-06-09,2025-06-09,2025-06-29,ST-01,"36,820,000",2,FALSE,Medium,Medium
APP-2025-0930,ORG-023,PT-02,2025-08-21,2025-08-22,,ST-03,"99,850,000",2,FALSE,Medium,Low
APP-2025-0931,ORG-029,PT-01,2025-12-20,2025-12-22,2026-01-01,ST-01,"3,440,000",0,FALSE,Medium,Low
APP-2025-0932,ORG-035,PT-02,2025-07-30,2025-08-01,2025-09-07,ST-01,"60,520,000",1,FALSE,High,Low
APP-2025-0933,ORG-034,PT-02,2025-08-30,2025-09-04,2025-10-07,ST-01,"209,230,000",1,FALSE,Low,Medium
APP-2025-0934,ORG-030,PT-05,2025-06-21,2025-06-22,,ST-03,"78,870,000",0,FALSE,Medium,Low
APP-2025-0935,ORG-019,PT-01,2025-03-31,2025-03-31,2025-04-20,ST-01,"19,150,000",0,FALSE,Medium,Low
APP-2025-0936,ORG-017,PT-01,2025-02-26,2025-02-28,,ST-03,"70,720,000",0,TRUE,Low,Low
APP-2025-0937,ORG-024,PT-02,2025-02-23,2025-02-25,2025-03-15,ST-01,"8,610,000",2,FALSE,Medium,Medium
APP-2025-0938,ORG-001,PT-02,2025-12-24,2025-12-25,2026-01-17,ST-01,"85,030,000",0,FALSE,Low,Low
APP-2025-0939,ORG-004,PT-01,2025-07-22,2025-07-24,2025-08-26,ST-01,"46,290,000",0,FALSE,Low,Low
APP-2025-0940,ORG-001,PT-07,2025-08-22,2025-08-23,2025-09-07,ST-01,"66,640,000",0,FALSE,Low,Medium
APP-2025-0941,ORG-031,PT-05,2025-09-19,2025-09-22,2025-10-05,ST-01,"17,730,000",0,TRUE,Medium,Medium
APP-2025-0942,ORG-018,PT-03,2025-06-05,2025-06-06,,ST-03,"44,340,000",0,FALSE,High,Low
APP-2025-0943,ORG-015,PT-01,2025-01-19,2025-01-22,,ST-03,"89,160,000",0,FALSE,Medium,Low
APP-2025-0944,ORG-004,PT-06,2025-10-01,2025-10-02,2025-10-18,ST-01,"26,890,000",0,FALSE,Medium,Low
APP-2025-0945,ORG-021,PT-06,2025-09-20,2025-09-20,2025-10-02,ST-02,"19,930,000",0,FALSE,Medium,Medium
APP-2025-0946,ORG-035,PT-06,2025-06-11,2025-06-12,2025-07-12,ST-01,"106,290,000",0,FALSE,Medium,Low
APP-2025-0947,ORG-037,PT-01,2025-01-18,2025-01-21,,ST-03,"67,330,000",0,FALSE,High,Low
APP-2025-0948,ORG-019,PT-02,2025-05-02,2025-05-08,2025-06-30,ST-01,"13,690,000",0,FALSE,Medium,Low
APP-2025-0949,ORG-005,PT-02,2025-10-21,2025-10-21,2025-11-19,ST-01,"64,220,000",0,FALSE,Medium,Medium
APP-2025-0950,ORG-035,PT-05,2025-02-18,2025-02-21,2025-03-15,ST-01,"39,330,000",0,FALSE,Medium,Low
APP-2025-0951,ORG-028,PT-04,2025-11-19,2025-11-20,,ST-03,"59,840,000",2,TRUE,Medium,Medium
APP-2025-0952,ORG-014,PT-03,2025-11-03,2025-11-06,,ST-03,"9,830,000",0,FALSE,Medium,Low
APP-2025-0953,ORG-020,PT-05,2025-07-27,2025-07-29,2025-08-23,ST-01,"32,590,000",0,FALSE,Low,Low
APP-2025-0954,ORG-008,PT-07,2025-02-02,2025-02-03,2025-03-30,ST-02,"28,680,000",0,FALSE,Medium,Medium
APP-2025-0955,ORG-021,PT-01,2025-10-09,2025-10-11,2025-10-22,ST-01,"140,240,000",0,FALSE,Medium,Low
APP-2025-0956,ORG-002,PT-06,2025-10-29,2025-10-29,2025-11-08,ST-01,"95,430,000",0,FALSE,High,Low
APP-2025-0957,ORG-012,PT-07,2025-03-22,2025-03-23,2025-04-27,ST-02,"60,020,000",3,FALSE,Medium,Medium
APP-2025-0958,ORG-009,PT-02,2025-03-31,2025-03-31,2025-04-23,ST-01,"7,870,000",0,FALSE,Low,Low
APP-2025-0959,ORG-009,PT-02,2025-03-31,2025-04-01,2025-04-25,ST-01,"138,010,000",3,FALSE,Medium,Low
APP-2025-0960,ORG-033,PT-04,2025-05-01,2025-05-03,2025-05-22,ST-01,"47,460,000",0,FALSE,Low,Medium
APP-2025-0961,ORG-027,PT-07,2025-05-01,2025-05-03,2025-05-26,ST-01,"482,300,000",0,FALSE,Medium,Medium
APP-2025-0962,ORG-027,PT-05,2025-04-27,2025-04-28,2025-05-16,ST-01,"118,050,000",2,TRUE,Medium,Low
APP-2025-0963,ORG-036,PT-07,2025-10-12,2025-10-14,2025-12-01,ST-01,"153,810,000",0,FALSE,Low,Medium
APP-2025-0964,ORG-025,PT-02,2025-08-03,2025-08-04,2025-08-30,ST-01,"139,820,000",0,FALSE,Medium,Low
APP-2025-0965,ORG-008,PT-07,2025-03-21,2025-03-24,2025-04-20,ST-01,"102,650,000",0,FALSE,Medium,Medium
APP-2025-0966,ORG-013,PT-02,2025-06-25,2025-06-29,2025-07-28,ST-01,"46,850,000",0,FALSE,Medium,Low
APP-2025-0967,ORG-034,PT-06,2025-06-08,2025-06-12,,ST-03,"25,100,000",0,FALSE,High,Medium
APP-2025-0968,ORG-033,PT-01,2025-09-15,2025-09-16,2025-10-12,ST-01,"13,280,000",2,FALSE,Medium,Low
APP-2025-0969,ORG-009,PT-04,2025-07-13,2025-07-13,2025-07-31,ST-01,"72,270,000",1,FALSE,Medium,Medium
APP-2025-0970,ORG-009,PT-01,2025-01-02,2025-01-03,2025-01-23,ST-01,"162,650,000",0,FALSE,Low,Low
APP-2025-0971,ORG-003,PT-03,2025-05-22,2025-05-24,2025-06-08,ST-01,"63,130,000",0,FALSE,Low,Low
APP-2025-0972,ORG-033,PT-01,2025-02-04,2025-02-05,,ST-03,"236,620,000",0,FALSE,Medium,Low
APP-2025-0973,ORG-005,PT-04,2025-07-05,2025-07-06,2025-07-18,ST-01,"77,200,000",0,FALSE,Low,Medium
APP-2025-0974,ORG-034,PT-07,2025-05-17,2025-05-21,2025-06-30,ST-01,"49,880,000",1,FALSE,Medium,Medium
APP-2025-0975,ORG-002,PT-05,2025-11-06,2025-11-08,2025-11-23,ST-01,"324,130,000",0,TRUE,Medium,Medium
APP-2025-0976,ORG-007,PT-01,2025-08-12,2025-08-14,2025-08-31,ST-01,"6,990,000",0,FALSE,High,Medium
APP-2025-0977,ORG-040,PT-01,2025-03-27,2025-03-28,2025-04-17,ST-01,"26,780,000",0,FALSE,Medium,Low
APP-2025-0978,ORG-034,PT-02,2025-01-09,2025-01-11,2025-02-13,ST-01,"25,240,000",0,TRUE,High,Low
APP-2025-0979,ORG-020,PT-01,2025-06-29,2025-07-01,2025-07-27,ST-01,"45,510,000",0,FALSE,Low,Medium
APP-2025-0980,ORG-019,PT-04,2025-07-25,2025-07-27,2025-08-24,ST-02,"69,170,000",0,FALSE,Medium,Medium
APP-2025-0981,ORG-004,PT-05,2025-07-29,2025-08-01,2025-08-22,ST-01,"112,810,000",0,TRUE,Medium,Low
APP-2025-0982,ORG-031,PT-05,2025-06-27,2025-06-27,,ST-03,"71,360,000",0,FALSE,Low,Low
APP-2025-0983,ORG-009,PT-06,2025-12-28,2025-12-29,,ST-04,"68,570,000",0,TRUE,Medium,Low
APP-2025-0984,ORG-024,PT-01,2025-05-08,2025-05-08,2025-05-31,ST-01,"82,000,000",1,FALSE,Low,Low
APP-2025-0985,ORG-029,PT-05,2025-03-08,2025-03-09,2025-03-24,ST-01,"176,580,000",0,FALSE,Medium,Medium
APP-2025-0986,ORG-011,PT-03,2025-12-27,2025-12-27,2026-01-25,ST-02,"17,580,000",1,TRUE,Medium,Low
APP-2025-0987,ORG-017,PT-05,2025-06-22,2025-06-24,2025-07-17,ST-01,"90,830,000",0,FALSE,Low,Low
APP-2025-0988,ORG-018,PT-01,2025-07-17,2025-07-20,2025-08-06,ST-01,"429,590,000",0,FALSE,Low,Medium
APP-2025-0989,ORG-038,PT-01,2025-04-22,2025-04-23,2025-05-08,ST-01,"44,710,000",0,FALSE,Medium,Low
APP-2025-0990,ORG-002,PT-02,2025-03-25,2025-03-26,,ST-03,"163,210,000",0,FALSE,Medium,Low
APP-2025-0991,ORG-005,PT-04,2025-09-30,2025-10-01,2025-10-15,ST-01,"59,940,000",0,FALSE,Low,Medium
APP-2025-0992,ORG-005,PT-07,2025-04-24,2025-04-24,2025-05-06,ST-01,"230,320,000",0,TRUE,High,Medium
APP-2025-0993,ORG-011,PT-01,2025-09-14,2025-09-15,,ST-03,"25,660,000",0,FALSE,High,Medium
APP-2025-0994,ORG-018,PT-01,2025-01-11,2025-01-12,2025-02-04,ST-01,"189,400,000",0,FALSE,High,Medium
APP-2025-0995,ORG-038,PT-04,2025-05-28,2025-05-29,2025-06-24,ST-01,"73,090,000",0,FALSE,Medium,Medium
APP-2025-0996,ORG-033,PT-02,2025-08-07,2025-08-14,,ST-03,"57,270,000",0,FALSE,High,Low
APP-2025-0997,ORG-011,PT-03,2025-10-23,2025-10-28,2025-11-11,ST-01,"8,770,000",0,FALSE,Medium,Low
APP-2025-0998,ORG-024,PT-07,2025-04-08,2025-04-11,2025-05-07,ST-06,"41,310,000",0,TRUE,Medium,Medium
APP-2025-0999,ORG-010,PT-01,2025-11-28,2025-11-28,,ST-03,"124,480,000",0,FALSE,Medium,Medium
APP-2025-1000,ORG-037,PT-03,2025-06-18,2025-06-20,2025-07-21,ST-01,"26,110,000",1,FALSE,Medium,Low
